id,title,stockCode,memberType,kfifUrl
5900,1000 YATIRIMLAR HOLDİNG A.Ş.,BINHO,IGS,https://www.kap.org.tr/tr/kfif/8acae2c48b2fa25a018bba0a5034596d
2501,24 GAYRİMENKUL VE GİRİŞİM SERMAYESİ PORTFÖY YÖNETİMİ A.Ş.,YGP,"FK, PYS",
1564,A.V.O.D. KURUTULMUŞ GIDA VE TARIM ÜRÜNLERİ SANAYİ TİCARET A.Ş.,AVOD,IGS,https://www.kap.org.tr/tr/kfif/4028e4a140f2ed72014107916fed023d
77,A1 BAĞIMSIZ DENETİM A.Ş.,,BDK,
1303,A1 CAPİTAL YATIRIM MENKUL DEĞERLER A.Ş.,"A1CAP, ACP","IGS, YK",
1303,A1 CAPİTAL YATIRIM MENKUL DEĞERLER A.Ş.,"A1CAP, ACP","IGS, YK",https://www.kap.org.tr/tr/kfif/4028e4a1416e696301416f37201c5f2e
222,AAC BAĞIMSIZ DENETİM VE DANIŞMANLIK A.Ş.,,BDK,
1254,ACAR MENKUL DEĞERLER A.Ş.,ACA,YK,
1626,ACISELSAN ACIPAYAM SELÜLOZ SANAYİ VE TİCARET A.Ş.,ACSEL,IGS,https://www.kap.org.tr/tr/kfif/4028e4a2420327a4014209c55161144d
832,ADEL KALEMCİLİK TİCARET VE SANAYİ A.Ş.,ADEL,IGS,https://www.kap.org.tr/tr/kfif/4028e4a240e8d16e0140e8f159dc0033
1560,ADESE GAYRİMENKUL YATIRIM A.Ş.,ADESE,IGS,https://www.kap.org.tr/tr/kfif/4028e4a140f2ed720141164431b905a5
5867,ADRA GAYRİMENKUL YATIRIM ORTAKLIĞI A.Ş.,ADGYO,IGS,https://www.kap.org.tr/tr/kfif/8acae2c586d22c53018a737800f804ae
833,AFYON ÇİMENTO SANAYİ T.A.Ş.,AFYON,IGS,https://www.kap.org.tr/tr/kfif/4028e4a24158e42401415af83d607fd3
1131,AG ANADOLU GRUBU HOLDİNG A.Ş.,AGHOL,IGS,https://www.kap.org.tr/tr/kfif/4028e4a240f2ef4c014101b18dc000f7
234,AG YEMİNLİ MALİ MÜŞAVİRLİK VE BAĞIMSIZ  DENETİM A.Ş.,,BDK,
2370,AGESA HAYAT VE EMEKLİLİK A.Ş.,AGESA,"FK, IGS",https://www.kap.org.tr/tr/kfif/4028e4a140e95bea0140edeb7a54015d
2370,AGESA HAYAT VE EMEKLİLİK A.Ş.,AGESA,"FK, IGS",
5899,AGROTECH YÜKSEK TEKNOLOJİ VE YATIRIM A.Ş.,AGROT,IGS,https://www.kap.org.tr/tr/kfif/8acae2c48b2fa259018bb9e449415e84
6014,AHES GAYRİMENKUL YATIRIM ORTAKLIĞI A.Ş.,AHSGY,IGS,https://www.kap.org.tr/tr/kfif/8acae2c59145e00a01915a44a01d1179
3064,AHLATCI DOĞAL GAZ DAĞITIM ENERJİ VE YATIRIM A.Ş.,AHGAZ,IGS,https://www.kap.org.tr/tr/kfif/4028e4a14203278a0142095715f914d0
4315,AHLATCI YATIRIM MENKUL DEĞERLER A.Ş.,AYX,YK,
2085,AK FAKTORİNG A.Ş.,AKSFA,IGS,
2215,AK FİNANSAL KİRALAMA A.Ş.,AKFK,IGS,
2283,AK PORTFÖY YÖNETİMİ A.Ş.,AKP,"FK, PYS",
2485,AK YATIRIM MENKUL DEĞERLER A.Ş.,"AKM, AKMEN","IGS, YK",
80,AKADEMİK BAĞIMSIZ DENETİM A.Ş.,,BDK,
2413,AKBANK T.A.Ş.,AKBNK,"IGS, YK",
2413,AKBANK T.A.Ş.,AKBNK,"IGS, YK",https://www.kap.org.tr/tr/kfif/4028e4a240e8d1830140e905edcd0006
2377,AKDENİZ FAKTORİNG A.Ş.,AKDFA,IGS,
1623,AKDENİZ YATIRIM HOLDİNG A.Ş.,AKYHO,IGS,https://www.kap.org.tr/tr/kfif/4028e4a1415f4d9901416dc64bd161cb
834,AKENERJİ ELEKTRİK ÜRETİM A.Ş.,AKENR,IGS,https://www.kap.org.tr/tr/kfif/4028e4a14184e9cf01419bffce0b5a69
4699,AKFEN GAYRİMENKUL PORTFÖY YÖNETİMİ A.Ş.,AXG,"FK, PYS",
1545,AKFEN GAYRİMENKUL YATIRIM ORTAKLIĞI A.Ş.,AKFGY,IGS,https://www.kap.org.tr/tr/kfif/4028e4a141733b56014183c1c6ed426e
1501,AKFEN HOLDİNG A.Ş.,AKFEN,IGMS,
5792,AKFEN YENİLENEBİLİR ENERJİ A.Ş.,AKFYE,IGS,https://www.kap.org.tr/tr/kfif/8acae2c48304fe9e0186a66e7a9568ea
6036,AKFEN İNŞAAT TURİZM VE TİCARET A.Ş.,AKFNI,IGS,
839,AKIN TEKSTİL A.Ş.,ATEKS,IGS,https://www.kap.org.tr/tr/kfif/4028e4a140f2ed7101412c13ba8303a8
1399,AKMERKEZ GAYRİMENKUL YATIRIM ORTAKLIĞI A.Ş.,AKMGY,IGS,https://www.kap.org.tr/tr/kfif/4028e4a240e95dc30140ecc218b30032
840,AKSA AKRİLİK KİMYA SANAYİİ A.Ş.,AKSA,IGS,https://www.kap.org.tr/tr/kfif/4028e4a240f2ef470141175e189f0453
1505,AKSA ENERJİ ÜRETİM A.Ş.,AKSEN,IGS,https://www.kap.org.tr/tr/kfif/4028e4a241733d42014179341a147ddb
842,AKSU ENERJİ VE TİCARET A.Ş.,AKSUE,IGS,https://www.kap.org.tr/tr/kfif/4028e4a140f2ed7201413a20480e0851
841,AKSİGORTA A.Ş.,AKGRT,IGS,https://www.kap.org.tr/tr/kfif/4028e4a140e95be70140ed12e1f4002c
241,AKSİS ULUSLARARASI BAĞIMSIZ DENETİM A.Ş.,,BDK,
217,AKT BAĞIMSIZ DENETİM A.Ş.,,BDK,
2203,AKTİF BANK SUKUK VARLIK KİRALAMA A.Ş.,AKTVK,IGS,
4358,AKTİF PORTFÖY YÖNETİMİ A.Ş.,MUP,"FK, PYS",
2212,AKTİF YATIRIM BANKASI A.Ş.,"AFB, AKTIF","IGS, YK",
4633,AKÇA KİMYEVİ MADDELER NAKLİYAT TİCARET VE SANAYİ A.Ş.,AKCKM,IGMS,
838,AKÇANSA ÇİMENTO SANAYİ VE TİCARET A.Ş.,AKCNS,IGS,https://www.kap.org.tr/tr/kfif/4028e4a140e8cfa00140e92b0c380016
1698,AKİŞ GAYRİMENKUL YATIRIM ORTAKLIĞI A.Ş.,AKSGY,IGS,https://www.kap.org.tr/tr/kfif/4028e4a14158e41f01415a865c0e4d13
1259,ALAN MENKUL DEĞERLER A.Ş.,ALN,YK,
844,ALARKO CARRIER SANAYİ VE TİCARET A.Ş.,ALCAR,IGS,https://www.kap.org.tr/tr/kfif/4028e4a241558bd9014155e085e305fd
845,ALARKO GAYRİMENKUL YATIRIM ORTAKLIĞI A.Ş.,ALGYO,IGS,https://www.kap.org.tr/tr/kfif/4028e4a241462fd801415005df1c3612
846,ALARKO HOLDİNG A.Ş.,ALARK,IGS,https://www.kap.org.tr/tr/kfif/4028e4a241462fd80141500c738e36be
1697,ALB YATIRIM MENKUL DEĞERLER A.Ş.,"ALBMD, ALM",YK,
2562,ALBARAKA PORTFÖY YÖNETİMİ A.Ş.,PGA,"FK, PYS",
2414,ALBARAKA TÜRK KATILIM BANKASI A.Ş.,"ALBRK, ALK","IGS, YK",
2414,ALBARAKA TÜRK KATILIM BANKASI A.Ş.,"ALBRK, ALK","IGS, YK",https://www.kap.org.tr/tr/kfif/4028e4a240f2ef4c014106a1c5ef016d
847,ALCATEL LUCENT TELETAŞ TELEKOMÜNİKASYON A.Ş.,ALCTL,IGS,https://www.kap.org.tr/tr/kfif/4028e4a140f2ed71014110e38acb01b5
5675,ALFA SOLAR ENERJİ SANAYİ VE TİCARET A.Ş.,ALFAS,IGS,https://www.kap.org.tr/tr/kfif/8acae2c5830502c30183559e2336223e
2378,ALJ FİNANSMAN A.Ş.,ALJF,IGS,
849,ALKİM ALKALİ KİMYA A.Ş.,ALKIM,IGS,https://www.kap.org.tr/tr/kfif/4028e4a140e95be70140ed147846003c
850,ALKİM KAĞIT SANAYİ VE TİCARET A.Ş.,ALKA,IGS,https://www.kap.org.tr/tr/kfif/4028e4a2416e697d01416f39965a5eb5
4880,ALLBATROSS PORTFÖY YÖNETİMİ A.Ş.,ABO,"FK, PYS",
1272,ALLBATROSS YATIRIM MENKUL DEĞERLER A.Ş.,BAH,YK,
1766,ALLIANZ HAYAT VE EMEKLİLİK A.Ş.,,FK,
1844,ALLIANZ YAŞAM VE EMEKLİLİK A.Ş.,,FK,
1327,ALNUS YATIRIM MENKUL DEĞERLER A.Ş.,"ALNUS, ANC","IGS, YK",
2086,ALTERNATİF FİNANSAL KİRALAMA A.Ş.,ALFIN,IGMS,
1262,ALTERNATİF MENKUL DEĞERLER A.Ş.,AMK,YK,
2430,ALTERNATİFBANK A.Ş.,"ALNTF, ANF",YK,
855,ALTIN YUNUS ÇEŞME TURİSTİK TESİSLER A.Ş.,AYCES,IGS,https://www.kap.org.tr/tr/kfif/4028e4a240e95dc90140ed1bc88e0071
5955,ALTINAY SAVUNMA TEKNOLOJİLERİ A.Ş.,ALTNY,IGS,https://www.kap.org.tr/tr/kfif/8acae2c58b2fa64e018f3d2d712476e2
5966,ALTINKILIÇ GIDA VE SÜT SANAYİ TİCARET A.Ş.,ALKLC,IGS,https://www.kap.org.tr/tr/kfif/8acae2c48c3efac0018fabe7ce965048
853,ALTINYAĞ MADENCİLİK VE ENERJİ YATIRIMLARI SANAYİ VE TİCARET A.Ş.,ALMAD,IGS,https://www.kap.org.tr/tr/kfif/4028e4a14158e41f01415a8ea74c4fbe
2865,ALTINYILDIZ TEKSTİL VE KONFEKSİYON A.Ş.,ALTYZ,IGMS,
5935,ALVES KABLO SANAYİ VE TİCARET A.Ş.,ALVES,IGS,https://www.kap.org.tr/tr/kfif/8acae2c58b2fa64e018dc0263b1377aa
856,ANADOLU ANONİM TÜRK SİGORTA ŞİRKETİ,ANSGR,IGS,https://www.kap.org.tr/tr/kfif/4028e4a140e95bea0140ed21b5c10078
858,ANADOLU EFES BİRACILIK VE MALT SANAYİİ A.Ş.,AEFES,IGS,https://www.kap.org.tr/tr/kfif/4028e4a140e95bea0140ed2fde10009d
860,ANADOLU HAYAT EMEKLİLİK A.Ş.,ANHYT,"FK, IGS",https://www.kap.org.tr/tr/kfif/4028e4a140e95be70140ed40cb930098
860,ANADOLU HAYAT EMEKLİLİK A.Ş.,ANHYT,"FK, IGS",
861,ANADOLU ISUZU OTOMOTİV SANAYİ VE TİCARET A.Ş.,ASUZU,IGS,https://www.kap.org.tr/tr/kfif/4028e4a140e95be70140ed43c4fe00a9
1263,ANADOLU YATIRIM MENKUL KIYMETLER A.Ş.,ADY,YK,
2010,ANADOLUBANK A.Ş.,ADB,YK,
85,ANALİZ BAĞIMSIZ DENETİM VE DANIŞMANLIK A.Ş.,,BDK,
5424,ANATOLİA TANI VE BİYOTEKNOLOJİ ÜRÜNLERİ ARAŞTIRMA GELİŞTİRME SANAYİ VE TİCARET A.Ş.,ANGEN,IGS,https://www.kap.org.tr/tr/kfif/8acae2c47afb298b017bed9f037a7185
1475,ANEL ELEKTRİK PROJE TAAHHÜT VE TİCARET A.Ş.,ANELE,IGS,https://www.kap.org.tr/tr/kfif/4028e4a1416e696301416ecd11a12b86
199,ANIL YEMİNLİ MALİ MÜŞAVİRLİK VE BAĞIMSIZ DENETİM A.Ş.,,BDK,
5757,ANY PARTNERS BAĞIMSIZ DENETİM A.Ş.,,BDK,
4967,ARD GRUP BİLİŞİM TEKNOLOJİLERİ A.Ş.,ARDYZ,IGS,https://www.kap.org.tr/tr/kfif/8acae2c46d7599a6016dde9d93aa2b52
864,ARENA BİLGİSAYAR SANAYİ VE TİCARET A.Ş.,ARENA,IGS,https://www.kap.org.tr/tr/kfif/4028e4a140e95bea0140ed5af3a000da
5954,ARGEUS GAYRİMENKUL PORTFÖY YÖNETİMİ A.Ş.,RGE,"FK, PYS",
87,ARILAR BAĞIMSIZ DENETİM VE YEMİNLİ MALİ MÜŞAVİRLİK A.Ş.,,BDK,
865,ARSAN TEKSTİL TİCARET VE SANAYİ A.Ş.,ARSAN,IGS,https://www.kap.org.tr/tr/kfif/4028e4a14158e41f01415b1862696142
5595,ARSEN BAĞIMSIZ DENETİM HİZMETLERİ A.Ş.,,BDK,
5936,ARTEMİS HALI A.Ş.,ARTMS,IGS,https://www.kap.org.tr/tr/kfif/8acae2c48c3efac0018dd4c742665c88
187,ARTI DEĞER ULUSLARARASI BAĞIMSIZ DENETİM VE YMM A.Ş.,,BDK,
2594,ARZ GAYRİMENKUL VE GİRİŞİM SERMAYESİ PORTFÖY YÖNETİMİ A.Ş.,ZRA,"FK, PYS",
2087,ARZUM ELEKTRİKLİ EV ALETLERİ SANAYİ VE TİCARET A.Ş.,ARZUM,IGS,https://www.kap.org.tr/tr/kfif/4028e4a1415f4d990141600875c531b9
863,ARÇELİK A.Ş.,ARCLK,IGS,https://www.kap.org.tr/tr/kfif/4028e4a240e95dc90140ed55b43900cf
191,AS BAĞIMSIZ DENETİM VE YEMİNLİ MALİ MÜŞAVİRLİK A.Ş.,,BDK,
5888,ASAŞ ALÜMİNYUM SANAYİ VE TİCARET A.Ş.,ASALU,IGMS,
4687,ASCE GAYRİMENKUL YATIRIM ORTAKLIĞI A.Ş.,ASGYO,IGS,https://www.kap.org.tr/tr/kfif/8acae2c562329bd1016464c3796e08a0
866,ASELSAN ELEKTRONİK SANAYİ VE TİCARET A.Ş.,ASELS,IGS,https://www.kap.org.tr/tr/kfif/4028e4a1413b7ef401413bc2251e0047
4680,ASTOR ENERJİ A.Ş.,ASTOR,IGS,https://www.kap.org.tr/tr/kfif/8acae2c562329bd10164405fe6c17996
867,ATA GAYRİMENKUL YATIRIM ORTAKLIĞI A.Ş.,ATAGY,IGS,https://www.kap.org.tr/tr/kfif/4028e4a140e95bea0140eddf432a0115
2300,ATA PORTFÖY YÖNETİMİ A.Ş.,APY,"FK, PYS",
89,ATA ULUSLARARASI BAĞIMSIZ DENETİM VE SMMM A.Ş.,,BDK,
1268,ATA YATIRIM MENKUL KIYMETLER A.Ş.,"ATA, ATAYM","IGS, YK",
5841,ATAKEY PATATES GIDA SANAYİ VE TİCARET A.Ş.,ATAKP,IGS,https://www.kap.org.tr/tr/kfif/8acae2c586d22c53018953500b004578
868,ATAKULE GAYRİMENKUL YATIRIM ORTAKLIĞI A.Ş.,AGYO,IGS,https://www.kap.org.tr/tr/kfif/4028e4a240f2ef4c0141164a06d8043a
2088,ATILIM FAKTORİNG A.Ş.,ATLFA,IGS,
869,ATLANTİS YATIRIM HOLDİNG A.Ş.,ATSYH,IGS,https://www.kap.org.tr/tr/kfif/4028e4a241558bd9014155dde60a05e7
870,ATLAS MENKUL KIYMETLER YATIRIM ORTAKLIĞI A.Ş.,ATLAS,IGS,https://www.kap.org.tr/tr/kfif/4028e4a240f2ef4c0141029fff920169
2354,ATLAS PORTFÖY YÖNETİMİ A.Ş.,ALA,"FK, PYS",
5348,ATP YAZILIM VE TEKNOLOJİ A.Ş.,ATATP,IGS,https://www.kap.org.tr/tr/kfif/8acae2c4794d364801798f781baf0fad
2349,AURA PORTFÖY YÖNETİMİ A.Ş.,TLR,"FK, PYS",
871,AVRASYA GAYRİMENKUL YATIRIM ORTAKLIĞI A.Ş.,AVGYO,IGS,https://www.kap.org.tr/tr/kfif/4028e4a240f2ef4c0141029cf7680164
1454,AVRASYA PETROL VE TURİSTİK TESİSLER YATIRIMLAR A.Ş.,AVTUR,IGS,https://www.kap.org.tr/tr/kfif/4028e4a241733d42014182b942a247e4
1691,AVRUPA YATIRIM HOLDİNG A.Ş.,AVHOL,IGS,https://www.kap.org.tr/tr/kfif/1DE05DAA81E9073AE0530A4A622A2EBD
5912,AVRUPAKENT GAYRİMENKUL YATIRIM ORTAKLIĞI A.Ş.,AVPGY,IGS,https://www.kap.org.tr/tr/kfif/8acae2c48c3efabf018c4824da4a0623
1805,AXA HAYAT VE EMEKLİLİK A.Ş.,,FK,
5317,AYDEM YENİLENEBİLİR ENERJİ A.Ş.,AYDEM,IGS,https://www.kap.org.tr/tr/kfif/8acae2c4782a4d580178b56e7c5c4404
872,AYEN ENERJİ A.Ş.,AYEN,IGS,https://www.kap.org.tr/tr/kfif/4028e4a240e95dc90140edf072ef0165
1584,AYES ÇELİK HASIR VE ÇİT SANAYİ A.Ş.,AYES,IGS,https://www.kap.org.tr/tr/kfif/4028e4a1416f846101416f85f6730028
873,AYGAZ A.Ş.,AYGAZ,IGS,https://www.kap.org.tr/tr/kfif/4028e4a140e95be70140ee03bd6000e0
5649,AZTEK TEKNOLOJİ ÜRÜNLERİ TİCARET A.Ş.,AZTEK,IGS,https://www.kap.org.tr/tr/kfif/8acae2c4819d0efe01826e96dd896e0e
2364,AZİMUT PORTFÖY YÖNETİMİ A.Ş.,GPO,"FK, PYS",
874,BAGFAŞ BANDIRMA GÜBRE FABRİKALARI A.Ş.,BAGFS,IGS,https://www.kap.org.tr/tr/kfif/4028e4a240f2ef4701410810f53601c4
6005,BAHADIR KİMYA SANAYİ VE TİCARET A.Ş.,BAHKM,IGS,https://www.kap.org.tr/tr/kfif/8acae2c48c3efabf0191137b972152e7
875,BAK AMBALAJ SANAYİ VE TİCARET A.Ş.,BAKAB,IGS,https://www.kap.org.tr/tr/kfif/4028e4a1415f4d9b01415fdc75f12f64
175,BAKIŞ YEMİNLİ MALİ MÜŞAVİRLİK VE BAĞIMSIZ DENETİM A.Ş.,,BDK,
1627,BALATACILAR BALATACILIK SANAYİ VE TİCARET A.Ş.,BALAT,IGS,https://www.kap.org.tr/tr/kfif/4028e4a1416e696501416ee5a3d939ad
5614,BALSU GIDA SANAYİ VE TİCARET A.Ş.,BALSU,DG,
2011,BANK OF AMERICA YATIRIM BANK A.Ş.,MLB,YK,
1523,BANKPOZİTİF KREDİ VE KALKINMA BANKASI A.Ş.,"BPOZ, POZ",YK,
2468,BANTAŞ BANDIRMA AMBALAJ SANAYİ VE TİCARET A.Ş.,BNTAS,IGS,https://www.kap.org.tr/tr/kfif/402821824da3aa9b014ef2c4cda22947
876,BANVİT BANDIRMA VİTAMİNLİ YEM SANAYİ A.Ş.,BANVT,IGS,https://www.kap.org.tr/tr/kfif/4028e4a1415f4d990141601902e33250
5567,BAREM AMBALAJ SANAYİ VE TİCARET A.Ş.,BARMA,IGS,https://www.kap.org.tr/tr/kfif/8acae2c47f7cb491017fb5f0afdf174a
5906,BATI EGE GAYRİMENKUL YATIRIM ORTAKLIĞI A.Ş.,BEGYO,IGS,https://www.kap.org.tr/tr/kfif/8acae2c48b2fa25a018c01ae7c3973de
878,BATISÖKE SÖKE ÇİMENTO SANAYİİ T.A.Ş.,BSOKE,IGS,https://www.kap.org.tr/tr/kfif/4028e4a24158e42401415920fc3308c5
877,BATIÇİM BATI ANADOLU ÇİMENTO SANAYİİ A.Ş.,BTCIM,IGS,https://www.kap.org.tr/tr/kfif/4028e4a140e95be70140ee07044700eb
5853,BAYDÖNER RESTORANLARI A.Ş.,BYDNR,IGS,https://www.kap.org.tr/tr/kfif/8acae2c586d22c510189de64baa92725
5054,BAYRAK EBT TABAN SANAYİ VE TİCARET A.Ş.,BAYRK,IGS,https://www.kap.org.tr/tr/kfif/8acae2c56faf888c0170a0e2d88d77c3
2270,BAŞER FAKTORİNG A.Ş.,BSRFK,IGMS,
2840,BAŞKENT DOĞALGAZ DAĞITIM GAYRİMENKUL YATIRIM ORTAKLIĞI A.Ş.,BASGZ,IGS,https://www.kap.org.tr/tr/kfif/4028e4a240f2ef4701413a3410a605ce
1274,BAŞKENT MENKUL DEĞERLER A.Ş.,BSK,YK,
1582,BAŞTAŞ BAŞKENT ÇİMENTO SANAYİ VE TİCARET A.Ş.,BASCM,IGS,https://www.kap.org.tr/tr/kfif/4028e4a140f2ed7201413a4092720892
201,BDD BAĞIMSIZ DENETİM VE DANIŞMANLIK A.Ş.,,BDK,
103,BDO DENET BAĞIMSIZ DENETİM VE DANIŞMANLIK A.Ş.,,BDK,
1693,BERA HOLDİNG A.Ş.,BERA,IGS,https://www.kap.org.tr/tr/kfif/4028e4a241733d42014174023cb0192b
1836,BEREKET EMEKLİLİK VE HAYAT A.Ş.,,FK,
2278,BEREKET VARLIK KİRALAMA A.Ş.,BRKT,IGS,
1537,BERKOSAN YALITIM VE TECRİT MADDELERİ ÜRETİM VE TİCARET A.Ş.,BRKSN,IGS,https://www.kap.org.tr/tr/kfif/4028e4a1413b7ef4014144cf3f7b0075
1518,BEYAZ FİLO OTO KİRALAMA A.Ş.,BEYAZ,IGS,https://www.kap.org.tr/tr/kfif/4028e4a141558bdd01415619e62c0577
881,BEŞİKTAŞ FUTBOL YATIRIMLARI SANAYİ VE TİCARET A.Ş.,BJKAS,IGS,https://www.kap.org.tr/tr/kfif/4028e4a241a25fcb0141a276cda10189
5931,BLUPAY MENKUL DEĞERLER A.Ş.,BLU,YK,
112,BM BAĞIMSIZ DENETİM A.Ş.,,BDK,
5590,BMS BİRLEŞİK METAL SANAYİ VE TİCARET A.Ş.,BMSTL,IGS,https://www.kap.org.tr/tr/kfif/8acae2c47f7cb49201802bda6cbf6b77
5007,BMS ÇELİK HASIR SANAYİ VE TİCARET A.Ş.,BMSCH,IGS,https://www.kap.org.tr/tr/kfif/8acae2c56eccfc0c016f18f5b1e21747
1922,BNP PARIBAS CARDIF EMEKLİLİK A.Ş.,,FK,
5822,BNP PARIBAS ISSUANCE B.V.,BNPPI,IGS,
2803,BNP PARİBAS FİNANSAL KİRALAMA A.Ş.,BNPFK,IGMS,
5929,BOR ŞEKER A.Ş.,BORSK,IGS,https://www.kap.org.tr/tr/kfif/8acae2c58b2fa64e018d63bcd2684e71
5878,BORLEASE OTOMOTİV A.Ş.,BORLS,IGS,https://www.kap.org.tr/tr/kfif/8acae2c486d22a3a018b03b5cfbe29b8
49,BORSA İSTANBUL A.Ş.,,DDK,
50,BORSA İSTANBUL BISTECH DEVRE KESİCİ UYGULAMASI,,DDK,
886,BORUSAN BİRLEŞİK BORU FABRİKALARI SANAYİ VE TİCARET A.Ş.,BRSAN,IGS,https://www.kap.org.tr/tr/kfif/4028e4a140f2ed7201412ac9ca5d06e6
887,BORUSAN YATIRIM VE PAZARLAMA A.Ş.,BRYAT,IGS,https://www.kap.org.tr/tr/kfif/4028e4a1415f4d9b0141603cd3904103
888,BOSCH FREN SİSTEMLERİ SANAYİ VE TİCARET A.Ş.,BFREN,IGS,https://www.kap.org.tr/tr/kfif/4028e4a140e95bea0140ee30fb6001b9
889,BOSSA TİCARET VE SANAYİ İŞLETMELERİ T.A.Ş.,BOSSA,IGS,https://www.kap.org.tr/tr/kfif/4028e4a1415f4d9b014160053ed13d39
5812,BOĞAZİÇİ BAĞIMSIZ DENETİM VE YEMİNLİ MALİ MÜŞAVİRLİK A.Ş.,,BDK,
5320,BOĞAZİÇİ BETON SANAYİ VE TİCARET A.Ş.,BOBET,IGS,https://www.kap.org.tr/tr/kfif/8acae2c4782a4d560178d45481dc5948
891,BRİSA BRİDGESTONE SABANCI LASTİK SANAYİ VE TİCARET A.Ş.,BRISA,IGS,https://www.kap.org.tr/tr/kfif/4028e4a140e95bea0140ee33bff201cd
1343,BULLS YATIRIM MENKUL DEĞERLER A.Ş.,BLS,YK,
2494,BURGAN BANK A.Ş.,"BRGAN, BUR",YK,
2434,BURGAN FİNANSAL KİRALAMA A.Ş.,BRGFK,IGMS,
1313,BURGAN YATIRIM MENKUL DEĞERLER A.Ş.,EFG,YK,
895,BURSA ÇİMENTO FABRİKASI A.Ş.,BUCIM,IGS,https://www.kap.org.tr/tr/kfif/4028e4a140ee35c00140ee41a5e4000f
894,BURÇELİK BURSA ÇELİK DÖKÜM SANAYİİ A.Ş.,BURCE,IGS,https://www.kap.org.tr/tr/kfif/4028e4a14158e41e01415b2636586ca7
1388,BURÇELİK VANA SANAYİ VE TİCARET A.Ş.,BURVA,IGS,https://www.kap.org.tr/tr/kfif/4028e4a14158e41e01415b2789266cb6
5652,BV PORTFÖY YÖNETİMİ A.Ş.,BVP,"FK, PYS",
5769,BÜLBÜLOĞLU VİNÇ SANAYİ VE TİCARET A.Ş.,BVSAN,IGS,https://www.kap.org.tr/tr/kfif/8acae2c5830502c30185dea8694c5722
5819,BÜYÜK ŞEFLER GIDA TURİZM TEKSTİL DANIŞMANLIK ORGANİZASYON EĞİTİM SANAYİ VE TİCARET A.Ş.,BIGCH,IGS,https://www.kap.org.tr/tr/kfif/8acae2c486d22a3a0187c6822e7324e6
5256,BİEN FİNANS FAKTORİNG A.Ş.,BIENF,IGMS,
2952,BİEN YAPI ÜRÜNLERİ SANAYİ TURİZM VE TİCARET A.Ş.,BIENY,IGS,https://www.kap.org.tr/tr/kfif/4028e4a24a5df6e7014ba1e60b464173
5986,BİLGİN GLOBAL BAĞIMSIZ DENETİM A.Ş.,,BDK,
3592,BİLKOM BİLİŞİM HİZMETLERİ A.Ş.,BLKOM,IGS,
1544,BİLİCİ YATIRIM SANAYİ VE TİCARET A.Ş.,BLCYT,IGS,https://www.kap.org.tr/tr/kfif/4028e4a2413b80d1014144caf7b90037
1406,BİM BİRLEŞİK MAĞAZALAR A.Ş.,BIMAS,IGS,https://www.kap.org.tr/tr/kfif/4028e4a140e95be70140ee1b7b030119
6026,BİN ULAŞIM VE AKILLI ŞEHİR TEKNOLOJİLERİ A.Ş.,BINBN,IGS,https://www.kap.org.tr/tr/kfif/8acae2c49145e00b01922d34585110b6
5289,BİOTREND ÇEVRE VE ENERJİ YATIRIMLARI A.Ş.,BIOEN,IGS,https://www.kap.org.tr/tr/kfif/8acae2c4780814e2017826e1e07318d8
1493,BİRKO BİRLEŞİK KOYUNLULULAR MENSUCAT TİCARET VE SANAYİ A.Ş.,BRKO,IGS,https://www.kap.org.tr/tr/kfif/4028e4a240e95dc90140ee21c40601aa
4334,BİRLEŞİK EKOL BAĞIMSIZ DENETİM A.Ş.,,BDK,
2018,BİRLEŞİK FON BANKASI A.Ş.,BYR,YK,
96,BİRLEŞİK UZMANLAR YEMİNLİ MALİ MÜŞAVİRLİK VE BAĞIMSIZ DENETİM A.Ş.,,BDK,
5292,BİRLEŞİK İPOTEK FİNANSMANI A.Ş.,TMKS,IGMS,
5391,BİRLEŞİM MÜHENDİSLİK ISITMA SOĞUTMA HAVALANDIRMA SANAYİ VE TİCARET A.Ş.,BRLSM,IGS,https://www.kap.org.tr/tr/kfif/8acae2c4794d3648017aa01a43690c1f
97,BİRLEŞİM NEKS BAĞIMSIZ DENETİM A.Ş.,,BDK,
882,BİRLİK MENSUCAT TİCARET VE SANAYİ İŞLETMESİ A.Ş.,BRMEN,IGS,https://www.kap.org.tr/tr/kfif/4028e4a240e95dc90140ee243b5b01ba
4623,BİRİKİM VARLIK YÖNETİM A.Ş.,BRKVY,IGS,https://www.kap.org.tr/tr/kfif/8acae2c562329bd10162b9ff7a6b53d6
2382,BİS ENERJİ ELEKTRİK ÜRETİM A.Ş.,BSENR,IGMS,
1276,BİZİM MENKUL DEĞERLER A.Ş.,BMK,YK,
1536,BİZİM TOPTAN SATIŞ MAĞAZALARI A.Ş.,BIZIM,IGS,https://www.kap.org.tr/tr/kfif/4028e4a1416e696301416ec4471d280d
203,C&Ç BAĞIMSIZ DENETİM VE YÖNETİM DANIŞMANLIĞI A.Ş.,,BDK,
1440,CARREFOURSA CARREFOUR SABANCI TİCARET MERKEZİ A.Ş.,CRFSA,IGS,https://www.kap.org.tr/tr/kfif/4028e4a140ee35c00140ee56930f0024
1679,CASA EMTİA PETROL KİMYEVİ VE TÜREVLERİ SANAYİ TİCARET A.Ş.,CASA,IGS,https://www.kap.org.tr/tr/kfif/4028e4a240f2ef4c01413acf8cda06cc
6019,CEM ZEYTİN A.Ş.,CEMZY,IGS,https://www.kap.org.tr/tr/kfif/8acae2c49145e00b01918463cdec27bb
4856,CEO EVENT MEDYA A.Ş.,CEOEM,IGS,https://www.kap.org.tr/tr/kfif/8acae2c469cee2a20169ed8afa9112ee
3329,CEREAN ENERJİ A.Ş.,CREAN,IGMS,
1395,CITI MENKUL DEĞERLER A.Ş.,CIM,YK,
2254,CITIBANK A.Ş.,CIT,YK,
5137,CNS BAĞIMSIZ DENETİM A.Ş.,,BDK,
1424,COCA-COLA İÇECEK A.Ş.,CCOLA,IGS,https://www.kap.org.tr/tr/kfif/4028e4a140ee35c00140ee586bdd0034
5615,COLENDİ MENKUL DEĞERLER A.Ş.,COL,YK,
223,CONSULTA BAĞIMSIZ DENETİM VE Y.M.M. A.Ş.,,BDK,
5582,CONSUS ENERJİ İŞLETMECİLİĞİ VE HİZMETLERİ A.Ş.,CONSE,IGS,https://www.kap.org.tr/tr/kfif/8acae2c57f7cbb48018007c3ad6154d4
893,COSMOS YATIRIM HOLDİNG A.Ş.,COSMO,IGS,https://www.kap.org.tr/tr/kfif/4028e4a24158e42401415ada104f7e44
236,CPATURK BAĞIMSIZ DENETİM VE YEMİNLİ MALİ MÜŞAVİRLİK A.Ş.,,BDK,
1273,CREDIT SUISSE İSTANBUL MENKUL DEĞERLER A.Ş.,CSM,YK,
1097,CREDITWEST FAKTORİNG A.Ş.,CRDFA,IGS,https://www.kap.org.tr/tr/kfif/4028e4a141558bdd0141561c84700589
212,CROWE OLGU BAĞIMSIZ DENETİM VE YMM A.Ş.,,BDK,
5807,CVK MADEN İŞLETMELERİ SANAYİ VE TİCARET A.Ş.,CVKMD,IGS,https://www.kap.org.tr/tr/kfif/8acae2c586d22c510187381ba299429a
5033,CW ENERJİ MÜHENDİSLİK TİCARET VE SANAYİ A.Ş.,CWENE,IGS,https://www.kap.org.tr/tr/kfif/8acae2c56faf888c016fd6c2036e0a5d
6031,D VARLIK KİRALAMA A.Ş.,DVRLK,IGMS,
5226,D YATIRIM BANKASI A.Ş.,DYBNK,"IGS, YK",
1546,DAGİ GİYİM SANAYİ VE TİCARET A.Ş.,DAGI,IGS,https://www.kap.org.tr/tr/kfif/4028e4a140f2ed7101411160c8c6020f
1089,DAGİ YATIRIM HOLDİNG A.Ş.,DAGHL,IGS,https://www.kap.org.tr/tr/kfif/4028e4a140f2ed7101411163985a021e
5532,DAP GAYRİMENKUL GELİŞTİRME A.Ş.,DAPGM,IGS,https://www.kap.org.tr/tr/kfif/8acae2c47d3bee4e017ea0492b6a0595
910,DARDANEL ÖNENTAŞ GIDA SANAYİ A.Ş.,DARDL,IGS,https://www.kap.org.tr/tr/kfif/4028e4a144a0804e014521a6ca1c0705
1416,DATAGATE BİLGİSAYAR MALZEMELERİ TİCARET A.Ş.,DGATE,IGS,https://www.kap.org.tr/tr/kfif/4028e4a2416e697d01416eabc02d14f8
5997,DCT TRADİNG DIŞ TİCARET A.Ş.,DCTTR,IGS,https://www.kap.org.tr/tr/kfif/8acae2c48c3efac00190dade5a963277
1286,DELTA MENKUL DEĞERLER A.Ş.,DET,YK,
911,DEMİSAŞ DÖKÜM EMAYE MAMÜLLERİ SANAYİ A.Ş.,DMSAS,IGS,https://www.kap.org.tr/tr/kfif/4028e4a240f2ef4c0140f326817e0041
5529,DENEYİM BAĞIMSIZ DENETİM VE DANIŞMANLIK A.Ş.,,BDK,
231,DENGE ANKARA BAĞIMSIZ DENETİM VE YEMİNLİ MALİ MÜŞAVİRLİK A.Ş.,,BDK,
106,DENGE BAĞIMSIZ DENETİM SERBEST MUHASEBECİ MALİ MÜŞAVİRLİK A.Ş.,,BDK,
1678,DENGE YATIRIM HOLDİNG A.Ş.,DENGE,IGS,https://www.kap.org.tr/tr/kfif/4028e4a240ee866c0140f1f80b55002b
2160,DENİZ FAKTORİNG A.Ş.,DENFA,IGS,
2163,DENİZ FİNANSAL KİRALAMA A.Ş.,DNFIN,IGS,
912,DENİZ GAYRİMENKUL YATIRIM ORTAKLIĞI A.Ş.,DZGYO,IGS,https://www.kap.org.tr/tr/kfif/4028e4a240ee866c0140f1fad94e0047
2336,DENİZ PORTFÖY YÖNETİMİ A.Ş.,EPY,"FK, PYS",
1287,DENİZ YATIRIM MENKUL KIYMETLER A.Ş.,"DZY, DZYMK","IGS, YK",
2415,DENİZBANK A.Ş.,"DENIZ, DNZ","FK, IGS, YK",
4864,DERLÜKS YATIRIM HOLDİNG A.Ş.,DERHL,IGS,https://www.kap.org.tr/tr/kfif/8acae2c469cee2a4016a5492160c43c3
915,DERİMOD KONFEKSİYON AYAKKABI DERİ SANAYİ VE TİCARET A.Ş.,DERIM,IGS,https://www.kap.org.tr/tr/kfif/4028e4a140f2ed710141116818390237
1389,DESA DERİ SANAYİ VE TİCARET A.Ş.,DESA,IGS,https://www.kap.org.tr/tr/kfif/4028e4a240ee866c0140f1fe48fa0070
1529,DESPEC BİLGİSAYAR PAZARLAMA VE TİCARET A.Ş.,DESPC,IGS,https://www.kap.org.tr/tr/kfif/4028e4a2416e697d01416ea9d5741424
2191,DESTEK FİNANS FAKTORİNG A.Ş.,DSTKF,IGMS,
5430,DESTEK YATIRIM BANKASI A.Ş.,DTBMK,"IGS, YK",
3859,DETAY GIDA SANAYİ VE TİCARET A.Ş.,DTYGD,IGMS,
2009,DEUTSCHE BANK A.Ş.,DBI,YK,
916,DEVA HOLDİNG A.Ş.,DEVA,IGS,https://www.kap.org.tr/tr/kfif/4028e4a140f2ed710141116ab1d60241
5245,DEĞER VARLIK KİRALAMA A.Ş.,DGRVK,IGS,
207,DMF SİSTEM ULUSLARARASI BAĞIMSIZ DENETİM DANIŞMANLIK VE YMM. A.Ş.,,BDK,
232,DMR BAĞIMSIZ DENETİM VE DANIŞMANLIK A.Ş.,,BDK,
5870,DMR UNLU MAMULLER ÜRETİM GIDA TOPTAN PERAKENDE İHRACAT A.Ş.,DMRGD,IGS,https://www.kap.org.tr/tr/kfif/8acae2c486d22a3b018a97c880c913d6
1530,DO & CO AKTIENGESELLSCHAFT,DOCO,IGS,https://www.kap.org.tr/tr/kfif/1DE05DAA82B4073AE0530A4A622A2EBD
5879,DOFER YAPI MALZEMELERİ SANAYİ VE TİCARET A.Ş.,DOFER,IGS,https://www.kap.org.tr/tr/kfif/8acae2c486d22a3a018b03b62cd429bd
3021,DORUK FAKTORİNG A.Ş.,DFKTR,IGS,
918,DOĞAN BURDA DERGİ YAYINCILIK VE PAZARLAMA A.Ş.,DOBUR,IGS,https://www.kap.org.tr/tr/kfif/4028e4a240ee866c0140f2066a0400b8
3971,DOĞAN DIŞ TİCARET VE MÜMESSİLLİK A.Ş.,DDTCR,IGMS,
5607,DOĞAN TREND OTOMOTİV TİCARET HİZMET VE TEKNOLOJİ A.Ş.,DTRND,IGS,
919,DOĞAN ŞİRKETLER GRUBU HOLDİNG A.Ş.,DOHOL,IGS,https://www.kap.org.tr/tr/kfif/4028e4a141462df201414ff732983087
999,DOĞANLAR MOBİLYA GRUBU İMALAT SANAYİ VE TİCARET A.Ş.,DGNMO,IGS,https://www.kap.org.tr/tr/kfif/4028e4a240f27df70140f2eae68c0032
5457,DOĞU ARAS ENERJİ YATIRIMLARI A.Ş.,ARASE,IGS,https://www.kap.org.tr/tr/kfif/8acae2c47afb298b017ccb97632144e5
921,DOĞUSAN BORU SANAYİ VE TİCARET A.Ş.,DOGUB,IGS,https://www.kap.org.tr/tr/kfif/4028e4a141e536460141ee618a972cf0
960,DOĞUŞ GAYRİMENKUL YATIRIM ORTAKLIĞI A.Ş.,DGGYO,IGS,https://www.kap.org.tr/tr/kfif/4028e4a140e8cfa00140e9497d32002f
1391,DOĞUŞ OTOMOTİV SERVİS VE TİCARET A.Ş.,DOAS,IGS,https://www.kap.org.tr/tr/kfif/4028e4a240e8d16e0140e951bf04007b
4785,DRC DERECELENDİRME HİZMETLERİ A.Ş.,DRCDR,DCS,
109,DRT BAĞIMSIZ DENETİM VE SERBEST MUHASEBECİ MALİ MÜŞAVİRLİK A.Ş.,,BDK,
923,DURAN DOĞAN BASIM VE AMBALAJ SANAYİ A.Ş.,DURDO,IGS,https://www.kap.org.tr/tr/kfif/4028e4a141effedc0141fe14e2b41807
6023,DURUKAN ŞEKERLEME SANAYİ VE TİCARET A.Ş.,DURKN,IGS,https://www.kap.org.tr/tr/kfif/8acae2c49145e00d0191c6164e8e4aca
924,DYO BOYA FABRİKALARI SANAYİ VE TİCARET A.Ş.,DYOBY,IGS,https://www.kap.org.tr/tr/kfif/4028e4a140e8cf9d0140e95835a30033
922,DÖKTAŞ DÖKÜMCÜLÜK TİCARET VE SANAYİ A.Ş.,DOKTA,IGS,https://www.kap.org.tr/tr/kfif/4028e4a241558bd9014155c9b19e03b7
2412,DÜNYA KATILIM BANKASI A.Ş.,ADA,YK,
4902,DÜNYA VARLIK YÖNETİM A.Ş.,DNYVA,IGS,
4237,DÜZEY TÜKETİM MALLARI SANAYİ PAZARLAMA VE TİCARET A.Ş.,DUZEY,IGMS,
2416,DİLER YATIRIM BANKASI A.Ş.,DLR,YK,
5185,DİNAMİK ISI MAKİNA YALITIM MALZEMELERİ SANAYİ VE TİCARET A.Ş.,DNISI,IGS,https://www.kap.org.tr/tr/kfif/8acae2c473646c5e017410b3f4b16fae
1292,DİNAMİK YATIRIM MENKUL DEĞERLER A.Ş.,DMK,YK,
5904,DİNÇER LOJİSTİK A.Ş.,DINCR,DG,
1580,DİRİTEKS DİRİLİŞ TEKSTİL SANAYİ VE TİCARET A.Ş.,DIRIT,IGS,https://www.kap.org.tr/tr/kfif/4028e4a24158e42201415afbaa14606c
917,DİTAŞ DOĞAN YEDEK PARÇA İMALAT VE TEKNİK A.Ş.,DITAS,IGS,https://www.kap.org.tr/tr/kfif/4028e4a140f2ed710141179798bb02ed
2879,DİVAN TURİZM İŞLETMELERİ A.Ş.,DIVAN,IGMS,
5333,E-DATA TEKNOLOJİ PAZARLAMA A.Ş.,EDATA,IGS,https://www.kap.org.tr/tr/kfif/8acae2c47902e75101792325d43f2419
5861,EBEBEK MAĞAZACILIK A.Ş.,EBEBK,IGS,https://www.kap.org.tr/tr/kfif/8acae2c586d22c51018a2b6c8f5963cd
101,ECOVİS DEĞER BAĞIMSIZ DENETİM VE YEMİNLİ MALİ MÜŞAVİRLİK A.Ş. ,,BDK,
926,ECZACIBAŞI YATIRIM HOLDİNG ORTAKLIĞI A.Ş.,ECZYT,IGS,https://www.kap.org.tr/tr/kfif/4028e4a1415f4d9901416012a278321f
928,EDİP GAYRİMENKUL YATIRIM SANAYİ VE TİCARET A.Ş.,EDIP,IGS,https://www.kap.org.tr/tr/kfif/4028e4a240e95dc90140ecc568850014
4930,EDİT BAĞIMSIZ DENETİM HİZMETLERİ A.Ş.,,BDK,
5654,EFOR ÇAY SANAYİ TİCARET A.Ş.,EFORC,IGS,https://www.kap.org.tr/tr/kfif/8acae2c5819d0efb0182923c4c307fbf
180,EGE BAĞIMSIZ DENETİM A.Ş.,,BDK,
930,EGE ENDÜSTRİ VE TİCARET A.Ş.,EGEEN,IGS,https://www.kap.org.tr/tr/kfif/1DE05DAA8254073AE0530A4A622A2EBD
931,EGE GÜBRE SANAYİİ A.Ş.,EGGUB,IGS,https://www.kap.org.tr/tr/kfif/4028e4a2422d9a78014304d729e3673d
932,EGE PROFİL TİCARET VE SANAYİ A.Ş.,EGPRO,IGS,https://www.kap.org.tr/tr/kfif/4028e4a240f2ef4701413a5c97b805ea
933,EGE SERAMİK SANAYİ VE TİCARET A.Ş.,EGSER,IGS,https://www.kap.org.tr/tr/kfif/4028e4a1415f4d9b01415ff0ece83aa8
934,EGEPLAST EGE PLASTİK TİCARET VE SANAYİ A.Ş.,EPLAS,IGS,https://www.kap.org.tr/tr/kfif/4028e4a14158e41e01415aa30e206011
5933,EKER SÜT ÜRÜNLERİ GIDA SANAYİ VE TİCARET A.Ş.,EKER,IGS,
2109,EKO FAKTORİNG A.Ş.,EKOFA,IGS,
5898,EKOS TEKNOLOJİ VE ELEKTRİK A.Ş.,EKOS,IGS,https://www.kap.org.tr/tr/kfif/8acae2c48b2fa25a018bb9a255865895
5927,EKOVAR ÇEVRE GRUP GERİ DÖNÜŞÜM ATIK DEPOLAMA İNŞAAT TAAHHÜT SANAYİ VE TİCARET A.Ş.,EKOVR,IGS,
5796,EKSUN GIDA TARIM SANAYİ VE TİCARET A.Ş.,EKSUN,IGS,https://www.kap.org.tr/tr/kfif/8acae2c48304fe9c0186ca8287b67657
1515,EKİZ KİMYA SANAYİ VE TİCARET A.Ş.,EKIZ,IGS,https://www.kap.org.tr/tr/kfif/4028e4a240e95dc30140ed19d1b80064
5513,ELİPTİK YATIRIM MENKUL DEĞERLER A.Ş.,ELP,YK,
183,ELİT BAĞIMSIZ DENETİM VE YEMİNLİ MALİ MÜŞAVİRLİK A.Ş.,,BDK,
5392,ELİTE NATUREL ORGANİK GIDA SANAYİ VE TİCARET A.Ş.,ELITE,IGS,https://www.kap.org.tr/tr/kfif/8acae2c4794d364a017aa049a089099f
940,EMEK ELEKTRİK ENDÜSTRİSİ A.Ş.,EMKEL,IGS,https://www.kap.org.tr/tr/kfif/4028e4a241a25fcb0141a289218b0302
5064,EMLAK KATILIM VARLIK KİRALAMA A.Ş.,EKTVK,IGS,
1531,EMLAK KONUT GAYRİMENKUL YATIRIM ORTAKLIĞI A.Ş.,EKGYO,IGS,https://www.kap.org.tr/tr/kfif/4028e4a2422d9a780142513cda5b232e
4944,EMLAK VARLIK KİRALAMA A.Ş.,EMVAR,IGS,
941,EMİNİŞ AMBALAJ SANAYİ VE TİCARET A.Ş.,EMNIS,IGS,https://www.kap.org.tr/tr/kfif/4028e4a241e538ab0141ef8f97934765
4915,EMİR VARLIK YÖNETİM A.Ş.,EMIRV,IGS,
3494,ENERJİSA ENERJİ A.Ş.,ENJSA,IGS,https://www.kap.org.tr/tr/kfif/4028e4a1422d98690142bceaa31957cf
2872,ENERYA ENERJİ A.Ş.,ENERY,IGS,https://www.kap.org.tr/tr/kfif/4028e4a241733d4201417937d4337e22
942,ENKA İNŞAAT VE SANAYİ A.Ş.,ENKAI,IGS,https://www.kap.org.tr/tr/kfif/4028e4a240e95dc90140ed3883fe0093
5560,ENSARİ DERİ GIDA SANAYİ VE TİCARET A.Ş.,ENSRI,IGS,https://www.kap.org.tr/tr/kfif/8acae2c47d3bee50017f77c935000e69
943,ERBOSAN ERCİYAS BORU SANAYİ VE TİCARET A.Ş.,ERBOS,IGS,https://www.kap.org.tr/tr/kfif/4028e4a14184e9cf01419c006da45a78
5516,ERCİYAS ÇELİK BORU SANAYİ A.Ş.,ERCB,IGS,https://www.kap.org.tr/tr/kfif/2af53003ee3c4464b0b653225816518d
209,ERCİYES YEMİNLİ MALİ MÜŞAVİRLİK VE BAĞIMSIZ DENETİM A.Ş.,,BDK,
226,EREN BAĞIMSIZ DENETİM A.Ş.,,BDK,
944,EREĞLİ DEMİR VE ÇELİK FABRİKALARI T.A.Ş.,EREGL,IGS,https://www.kap.org.tr/tr/kfif/4028e4a240e95dc90140ede4c12a0133
2112,EREĞLİ TEKSTİL TURİZM SANAYİ VE TİCARET A.Ş.,ERGLI,IGS,
1962,ERGO EMEKLİLİK VE HAYAT A.Ş.,,FK,
1622,ERGO SİGORTA A.Ş.,,FK,
5342,ERSAN ALIŞVERİŞ HİZMETLERİ VE GIDA SANAYİ TİCARET A.Ş.,KIMMR,IGS,https://www.kap.org.tr/tr/kfif/8acae2c5794d3d6a01795f597b820707
945,ERSU MEYVE VE GIDA SANAYİ A.Ş.,ERSU,IGS,https://www.kap.org.tr/tr/kfif/4028e4a140f2ed7201411160fbeb057e
5327,ESCAR FİLO KİRALAMA HİZMETLERİ A.Ş.,ESCAR,IGS,https://www.kap.org.tr/tr/kfif/8acae2c4782a4d560178f8929f486aed
946,ESCORT TEKNOLOJİ YATIRIM A.Ş.,ESCOM,IGS,https://www.kap.org.tr/tr/kfif/4028e4a142140a8d01421437e3fb036a
5190,ESENBOĞA ELEKTRİK ÜRETİM A.Ş.,ESEN,IGS,https://www.kap.org.tr/tr/kfif/8acae2c57436079f0174486159f4072f
1625,ETİLER GIDA VE TİCARİ YATIRIMLAR SANAYİ VE TİCARET A.Ş.,ETILR,IGS,https://www.kap.org.tr/tr/kfif/4028e4a240f2ef4701413b24736d0655
2316,EURO FİNANS MENKUL DEĞERLER A.Ş.,ERM,YK,
1557,EURO KAPİTAL YATIRIM ORTAKLIĞI A.Ş.,EUKYO,IGS,https://www.kap.org.tr/tr/kfif/4028e4a140e95bea0140ed45272800bb
1427,EURO MENKUL KIYMET YATIRIM ORTAKLIĞI A.Ş.,EUYO,IGS,https://www.kap.org.tr/tr/kfif/4028e4a240e95dc90140ed419b5d00a4
1471,EURO TREND YATIRIM ORTAKLIĞI A.Ş.,ETYAT,IGS,https://www.kap.org.tr/tr/kfif/4028e4a240e95dc30140edba6a660099
1508,EURO YATIRIM HOLDİNG A.Ş.,EUHOL,IGS,https://www.kap.org.tr/tr/kfif/4028e4a240e95dc30140edbd5ca900a3
4838,EUROPAP TEZOL KAĞIT SANAYİ VE TİCARET A.Ş.,TEZOL,IGS,https://www.kap.org.tr/tr/kfif/8acae2c468aeffb7016949376d695d6c
5612,EUROPEN ENDÜSTRİ İNŞAAT SANAYİ VE TİCARET A.Ş.,EUREN,IGS,https://www.kap.org.tr/tr/kfif/8acae2c580e91030018105632b470bcd
5810,EUROPOWER ENERJİ VE OTOMASYON TEKNOLOJİLERİ SANAYİ TİCARET A.Ş.,EUPWR,IGS,https://www.kap.org.tr/tr/kfif/8acae2c486d22a3b01875b5644ea61c4
5711,EYG GAYRİMENKUL YATIRIM ORTAKLIĞI A.Ş.,EYGYO,IGS,https://www.kap.org.tr/tr/kfif/8acae2c48304fe9c01843d2398a50797
3175,EİP ECZACIBAŞI İLAÇ PAZARLAMA A.Ş.,ECZIP,IGMS,
939,EİS ECZACIBAŞI İLAÇ SINAİ VE FİNANSAL YATIRIMLAR SANAYİ VE TİCARET A.Ş.,ECILC,IGS,https://www.kap.org.tr/tr/kfif/4028e4a1415f4d99014160034b683108
5021,FADE GIDA YATIRIM SANAYİ TİCARET A.Ş.,FADE,IGS,https://www.kap.org.tr/tr/kfif/8acae2c46e7fdc6d016f85a87ec9674e
4056,FASDAT GIDA DAĞITIM SANAYİ VE TİCARET A.Ş.,FSDAT,IGMS,
951,FEDERAL MOGUL İZMİT PİSTON VE PİM ÜRETİM TESİSLERİ A.Ş.,FMIZP,IGS,https://www.kap.org.tr/tr/kfif/4028e4a240f2ef4701410bb5cdab01cf
1383,FENERBAHÇE FUTBOL A.Ş.,FENER,IGS,https://www.kap.org.tr/tr/kfif/4028e4a240e95dc90140ede7351a013d
1617,FLAP KONGRE TOPLANTI HİZMETLERİ OTOMOTİV VE TURİZM A.Ş.,FLAP,IGS,https://www.kap.org.tr/tr/kfif/4028e4a141558bdd01415620c00705ad
5551,FONERİA PORTFÖY YÖNETİMİ A.Ş.,GRP,"FK, PYS",
4412,FONET BİLGİ TEKNOLOJİLERİ A.Ş.,FONET,IGS,https://www.kap.org.tr/tr/kfif/8acae2c55a980119015b435875566776
5839,FONEVA PORTFÖY YÖNETİMİ A.Ş.,FNV,"FK, PYS",
956,FORD OTOMOTİV SANAYİ A.Ş.,FROTO,IGS,https://www.kap.org.tr/tr/kfif/4028e4a140f2ed71014106890fae0138
4639,FORMET METAL VE CAM SANAYİ A.Ş.,FORMT,IGS,https://www.kap.org.tr/tr/kfif/8acae2c562329bd101633953d02b0477
5598,FORTE BİLGİ İLETİŞİM TEKNOLOJİLERİ VE SAVUNMA SANAYİ A.Ş.,FORTE,IGS,https://www.kap.org.tr/tr/kfif/8acae2c47f7cb492018094784f6f309a
957,FRİGO-PAK GIDA MADDELERİ SANAYİ VE TİCARET A.Ş.,FRIGO,IGS,https://www.kap.org.tr/tr/kfif/4028e4a1415f4d9b01415fee1db939f4
5815,FT GAYRİMENKUL VE GİRİŞİM SERMAYESİ PORTFÖY YÖNETİMİ A.Ş.,FTP,"FK, PYS",
5840,FUZUL GAYRİMENKUL YATIRIM ORTAKLIĞI A.Ş.,FZLGY,IGS,https://www.kap.org.tr/tr/kfif/8acae2c586d22c530189534dc2624568
2470,FİBA FAKTORİNG A.Ş.,FIBAF,IGMS,
3140,FİBA HOLDİNG A.Ş.,FBHOL,IGMS,
2301,FİBA PORTFÖY YÖNETİMİ A.Ş.,FIP,"FK, PYS",
2067,FİBABANKA A.Ş.,"FBB, FBBNK","IGS, YK",
3184,FİNA HOLDİNG A.Ş.,FNHOL,IGMS,
237,FİNANSAL EKSEN BAĞIMSIZ DENETİM VE DANIŞMANLIK A.Ş.,,BDK,
1277,GALATA MENKUL DEĞERLER A.Ş.,GLT,YK,
4969,GALATA WIND ENERJİ A.Ş.,GWIND,IGS,https://www.kap.org.tr/tr/kfif/8acae2c46d7599a6016dee0b5aec36b2
958,GALATASARAY SPORTİF SINAİ VE TİCARİ YATIRIMLAR A.Ş.,GSRAY,IGS,https://www.kap.org.tr/tr/kfif/4028e4a14203278a0142095598f114ba
5349,GAP İNŞAAT YATIRIM VE DIŞ TİCARET A.Ş.,GAPIN,IGS,
1802,GARANTİ EMEKLİLİK VE HAYAT A.Ş.,,FK,
959,GARANTİ FAKTORİNG A.Ş.,GARFA,IGS,https://www.kap.org.tr/tr/kfif/4028e4a240e95dc90140ee1ab24b0189
2113,GARANTİ FİLO YÖNETİM HİZMETLERİ A.Ş.,GARFL,IGMS,
1605,GARANTİ FİNANSAL KİRALAMA A.Ş.,GRFIN,IGMS,
2294,GARANTİ PORTFÖY YÖNETİMİ A.Ş.,GPY,"FK, PYS",
1304,GARANTİ YATIRIM MENKUL KIYMETLER A.Ş.,GRM,YK,
961,GARANTİ YATIRIM ORTAKLIĞI A.Ş.,GRNYO,IGS,https://www.kap.org.tr/tr/kfif/4028e4a240f2ef470141271e9d5104d3
1692,GCM YATIRIM MENKUL DEĞERLER A.Ş.,GCM,YK,
1517,GEDİK YATIRIM MENKUL DEĞERLER A.Ş.,GEDIK,"IGS, YK",https://www.kap.org.tr/tr/kfif/4028e4a140e95bea0140ee1edd700174
1517,GEDİK YATIRIM MENKUL DEĞERLER A.Ş.,GEDIK,"IGS, YK",
2209,GEDİZ AMBALAJ SANAYİ VE TİCARET A.Ş.,GEDZA,IGS,https://www.kap.org.tr/tr/kfif/4028e4a14158e41e01415b2a655f6cca
4811,GELECEK VARLIK YÖNETİMİ A.Ş.,GLCVY,IGS,https://www.kap.org.tr/tr/kfif/8acae2c465a51c3801683c2840c516cb
5385,GEN İLAÇ VE SAĞLIK ÜRÜNLERİ SANAYİ VE TİCARET A.Ş.,GENIL,IGS,https://www.kap.org.tr/tr/kfif/8acae2c5794d3d6a017a89f2678a1118
963,GENTAŞ DEKORATİF YÜZEYLER SANAYİ VE TİCARET A.Ş.,GENTS,IGS,https://www.kap.org.tr/tr/kfif/4028e4a2416e696c01416f1e03364c9d
964,GERSAN ELEKTRİK TİCARET VE SANAYİ A.Ş.,GEREL,IGS,https://www.kap.org.tr/tr/kfif/4028e4a14158e41e01415aaad2ae618b
5519,GEZİNOMİ SEYAHAT TURİZM TİCARET A.Ş.,GZNMI,IGS,https://www.kap.org.tr/tr/kfif/8acae2c47d3bee50017e3445b465578f
5864,GIPTA OFİS KIRTASİYE VE PROMOSYON ÜRÜNLERİ İMALAT SANAYİ A.Ş.,GIPTA,IGS,https://www.kap.org.tr/tr/kfif/8acae2c486d22a3a018a5106156c5c3d
2317,GLOBAL MD PORTFÖY YÖNETİMİ A.Ş.,EUP,"FK, PYS",
1554,GLOBAL MENKUL DEĞERLER A.Ş.,"GLB, GLBMD","IGS, YK",https://www.kap.org.tr/tr/kfif/4028e4a140e95bea0140ee21b10d0188
1554,GLOBAL MENKUL DEĞERLER A.Ş.,"GLB, GLBMD","IGS, YK",
967,GLOBAL YATIRIM HOLDİNG A.Ş.,GLYHO,IGS,https://www.kap.org.tr/tr/kfif/4028e4a140e95bea0140ee24416e0197
5714,GOLDEN GLOBAL VARLIK KİRALAMA A.Ş.,GGBVK,IGS,
5157,GOLDEN GLOBAL YATIRIM BANKASI A.Ş.,GGI,YK,
5463,GOLDMAN SACHS INTERNATIONAL,GSIPD,IGS,
970,GOODYEAR LASTİKLERİ T.A.Ş.,GOODY,IGS,https://www.kap.org.tr/tr/kfif/4028e4a140f2ed7101412bfc6f340359
5717,GRAINTURK HOLDİNG A.Ş.,GRTHO,IGS,https://www.kap.org.tr/tr/kfif/8acae2c48304fe9c018466742a3b2960
230,GRC BAĞIMSIZ DENETİM A.Ş.,,BDK,
1751,GROUPAMA HAYAT A.Ş.,,FK,
1094,GSD DENİZCİLİK GAYRİMENKUL İNŞAAT SANAYİ VE TİCARET A.Ş.,GSDDE,IGS,https://www.kap.org.tr/tr/kfif/4028e4a140e95be70140ee2a7f39013b
973,GSD HOLDİNG A.Ş.,GSDHO,IGS,https://www.kap.org.tr/tr/kfif/4028e4a140e95be70140ee2be54b014a
2026,GSD YATIRIM BANKASI A.Ş.,GSB,YK,
3518,GÖKNUR GIDA MADDELERİ ENERJİ İMALAT İTHALAT İHRACAT TİCARET VE SANAYİ A.Ş.,GOKNR,IGS,https://www.kap.org.tr/tr/kfif/4028e4a1462cc5dd0146673d70055928
972,GÖLTAŞ GÖLLER BÖLGESİ ÇİMENTO SANAYİ VE TİCARET A.Ş.,GOLTS,IGS,https://www.kap.org.tr/tr/kfif/4028e4a140e95be70140ee27ccd40129
5344,GÖRÜŞ BAĞIMSIZ DENETİM VE YEMİNLİ MALİ MÜŞAVİRLİK A.Ş.,,BDK,
1499,GÖZDE GİRİŞİM SERMAYESİ YATIRIM ORTAKLIĞI A.Ş.,GOZDE,IGS,https://www.kap.org.tr/tr/kfif/4028e4a24158e42201415b0210ba60ef
974,GÜBRE FABRİKALARI T.A.Ş.,GUBRF,IGS,https://www.kap.org.tr/tr/kfif/4028e4a241733d4a01417989f3760a4d
1428,GÜLER YATIRIM HOLDİNG A.Ş.,GLRYH,IGS,https://www.kap.org.tr/tr/kfif/4028e4a240f2ef4c01410cf733f303d9
210,GÜNCEL BAĞIMSIZ DENETİM DANIŞMANLIK A.Ş.,,BDK,
6011,GÜNDOĞDU GIDA SÜT ÜRÜNLERİ SANAYİ VE DIŞ TİCARET A.Ş.,GUNDG,IGS,https://www.kap.org.tr/tr/kfif/8acae2c59145e00a019146a7cde301bc
118,GÜNEY BAĞIMSIZ DENETİM VE SERBEST MUHASEBECİ MALİ MÜŞAVİRLİK A.Ş.,,BDK,
5553,GÜR-SEL TURİZM TAŞIMACILIK VE SERVİS TİCARET A.Ş.,GRSEL,IGS,https://www.kap.org.tr/tr/kfif/8acae2c47d3bee50017f2c2fc65150e6
119,GÜRELİ YEMİNLİ MALİ MÜŞAVİRLİK VE BAĞIMSIZ DENETİM HİZMETLERİ A.Ş.,,BDK,
117,GÜÇBİR BAĞIMSIZ DENETİM A.Ş.,,BDK,
3697,GİMAT MAĞAZACILIK SANAYİ VE TİCARET A.Ş.,GMTAS,IGS,https://www.kap.org.tr/tr/kfif/a3ff494df37b408aa9088106fe98f59e
5400,GİRİŞİM ELEKTRİK SANAYİ TAAHHÜT VE TİCARET A.Ş.,GESAN,IGS,https://www.kap.org.tr/tr/kfif/8acae2c4794d364a017af66863e41bae
976,HACI ÖMER SABANCI HOLDİNG A.Ş.,SAHOL,IGS,https://www.kap.org.tr/tr/kfif/4028e4a240ee37a90140ee50087e000b
4739,HALK FAKTORİNG A.Ş.,HLKFA,IGMS,
1685,HALK FİNANSAL KİRALAMA A.Ş.,HALKF,IGS,
1701,HALK GAYRİMENKUL YATIRIM ORTAKLIĞI A.Ş.,HLGYO,IGS,https://www.kap.org.tr/tr/kfif/4028e4a240ee37a30140ee53e47c0057
4538,HALK VARLIK KİRALAMA A.Ş.,HLVKS,IGS,
1312,HALK YATIRIM MENKUL DEĞERLER A.Ş.,"HALKI, HLY","IGS, YK",
6032,HAN VARLIK GAYRİMENKUL VE GİRİŞİM SERMAYESİ PORTFÖY YÖNETİMİ A.Ş.,HVP,PYS,
5959,HAREKET PROJE TAŞIMACILIĞI VE YÜK MÜHENDİSLİĞİ A.Ş.,HRKET,IGS,https://www.kap.org.tr/tr/kfif/8acae2c48c3efabf018f632d8d082913
5610,HAS PORTFÖY YÖNETİMİ A.Ş.,HAO,"FK, PYS",
5868,HAT-SAN GEMİ İNŞAA BAKIM ONARIM DENİZ NAKLİYAT SANAYİ VE TİCARET A.Ş.,HATSN,IGS,https://www.kap.org.tr/tr/kfif/8acae2c586d22c51018a739bad647f5a
1532,HATEKS HATAY TEKSTİL İŞLETMELERİ A.Ş.,HATEK,IGS,https://www.kap.org.tr/tr/kfif/4028e4a141e536460141e5859f40059b
5901,HAYAT FİNANS KATILIM BANKASI A.Ş.,HFK,YK,
2040,HDI FİBA EMEKLİLİK VE HAYAT A.Ş.,,FK,
4038,HEDEF ARAÇ KİRALAMA VE SERVİS A.Ş.,HDFFL,IGS,
2003,HEDEF GİRİŞİM SERMAYESİ YATIRIM ORTAKLIĞI A.Ş.,HDFGS,IGS,https://www.kap.org.tr/tr/kfif/4028e4a242140a9601422820b6da43f8
5387,HEDEF HOLDİNG A.Ş.,HEDEF,IGS,https://www.kap.org.tr/tr/kfif/8acae2c4794d3648017a8bd7bc0103df
2311,HEDEF PORTFÖY YÖNETİMİ A.Ş.,HFP,"FK, PYS",
5940,HEDEF VARLIK KİRALAMA A.Ş.,HDFVK,IGS,
5926,HEDEF YATIRIM BANKASI A.Ş.,"HDFYB, HYB","IGS, YK",
978,HEKTAŞ TİCARET T.A.Ş.,HEKTS,IGS,https://www.kap.org.tr/tr/kfif/4028e4a140ee35c00140ee5d194a0055
2108,HEPSİ FİNANSMAN A.Ş.,HEPFN,IGS,
211,HLB SAYGIN BAĞIMSIZ DENETİM A.Ş.,,BDK,
5964,HOROZ LOJİSTİK KARGO HİZMETLERİ VE TİCARET A.Ş.,HOROZ,IGS,https://www.kap.org.tr/tr/kfif/8acae2c58b2fa64e018fabc0441664a1
2034,HSBC BANK A.Ş.,"HSB, HSBCB",YK,
2312,HSBC PORTFÖY YÖNETİMİ A.Ş.,HPY,"FK, PYS",
1315,HSBC YATIRIM MENKUL DEĞERLER A.Ş.,HSY,YK,
5740,HST TARIM A.Ş.,HSTAS,DG,
194,HSY DANIŞMANLIK VE BAĞIMSIZ DENETİM A.Ş.,,BDK,
1446,HUB GİRİŞİM SERMAYESİ YATIRIM ORTAKLIĞI A.Ş.,HUBVC,IGS,https://www.kap.org.tr/tr/kfif/4028e4a240f2ef4c01413b59d12c0749
5520,HUN YENİLENEBİLİR ENERJİ ÜRETİM A.Ş.,HUNER,IGS,https://www.kap.org.tr/tr/kfif/8acae2c47d3bee4e017e347a3f5a5b1a
2367,HUZUR FAKTORİNG A.Ş.,HUZFA,IGS,
979,HÜRRİYET GAZETECİLİK VE MATBAACILIK A.Ş.,HURGZ,IGS,https://www.kap.org.tr/tr/kfif/4028e4a140ee35c70140ee6408650041
5625,HİDROPAR HAREKET KONTROL TEKNOLOJİLERİ MERKEZİ SANAYİ VE TİCARET A.Ş.,HKTM,IGS,https://www.kap.org.tr/tr/kfif/8acae2c5812b84a401816252165513b1
5967,HİLAL BAĞIMSIZ DENETİM A.Ş.,,BDK,
5499,HİTİT BİLGİSAYAR HİZMETLERİ A.Ş.,HTTBT,IGS,https://www.kap.org.tr/tr/kfif/8acae2c57d3bf002017e016f30e442c6
5943,IC ENTERRA YENİLENEBİLİR ENERJİ A.Ş.,ENTRA,IGS,https://www.kap.org.tr/tr/kfif/8acae2c48c3efabf018e64e77b5d3e77
2420,ICBC TURKEY BANK A.Ş.,"ICB, ICBCT","IGS, YK",https://www.kap.org.tr/tr/kfif/4028e4a24158e42401415a700e104f3f
2420,ICBC TURKEY BANK A.Ş.,"ICB, ICBCT","IGS, YK",
2478,ICBC TURKEY PORTFÖY YÖNETİMİ A.Ş.,ICP,"FK, PYS",
1359,ICBC TURKEY YATIRIM MENKUL DEĞERLER A.Ş.,ICT,YK,
1118,ICU GİRİŞİM SERMAYESİ YATIRIM ORTAKLIĞI A.Ş.,ICUGS,IGS,https://www.kap.org.tr/tr/kfif/4028e4a141e536460141e53ba7790052
1353,IKON MENKUL DEĞERLER A.Ş.,IKN,YK,
2214,ING BANK A.Ş.,"GIN, INGBN",YK,
1367,ING YATIRIM MENKUL DEĞERLER A.Ş.,GNI,YK,
1435,INGRAM MİCRO BİLİŞİM SİSTEMLERİ A.Ş.,INGRM,IGS,https://www.kap.org.tr/tr/kfif/4028e4a241462fd80141556f6a9308a2
2343,INVEO PORTFÖY YÖNETİMİ A.Ş.,GEP,"FK, PYS",
962,INVEO YATIRIM HOLDİNG A.Ş.,INVEO,IGS,https://www.kap.org.tr/tr/kfif/4028e4a140f2ed7201413b67b22f0929
2640,INVEST-AZ YATIRIM MENKUL DEĞERLER A.Ş.,"IAZ, INVAZ","IGS, YK",
5549,INVESTCO HOLDİNG A.Ş.,INVES,IGS,https://www.kap.org.tr/tr/kfif/8acae2c47d3bee50017f0bbbbbfa3c0e
4712,INVESTRADE PORTFÖY YÖNETİMİ A.Ş.,IVT,PYS,
5254,IŞIK PLASTİK SANAYİ VE DIŞ TİCARET PAZARLAMA A.Ş.,ISKPL,IGS,https://www.kap.org.tr/tr/kfif/8acae2c575a1b5b601770603623b7c43
122,IŞIK YEMİNLİ MALİ MÜŞAVİRLİK VE BAĞIMSIZ DENETİM A.Ş.,,BDK,
1031,IŞIKLAR ENERJİ VE YAPI HOLDİNG A.Ş.,IEYHO,IGS,https://www.kap.org.tr/tr/kfif/4028e4a140f2ed7201410d315d200314
1281,J. P. MORGAN MENKUL DEĞERLER A.Ş.,JPM,YK,
1682,JANTSA JANT SANAYİ VE TİCARET A.Ş.,JANTS,IGS,https://www.kap.org.tr/tr/kfif/4028e4a240f2ef4c01413b1b57300719
2309,JCR AVRASYA DERECELENDİRME A.Ş.,JCRAV,DCS,
2022,JP MORGAN CHASE BANK N.A. MERKEZİ COLUMBUS OHIO - İSTANBUL TÜRKİYE ŞUBESİ,TCM,YK,
1320,K MENKUL KIYMETLER A.Ş.,KYM,YK,
4320,KAFEİN YAZILIM HİZMETLERİ TİCARET A.Ş.,KFEIN,IGS,https://www.kap.org.tr/tr/kfif/8acae2c55835f84c015848477328085a
3979,KALEKİM KİMYEVİ MADDELER SANAYİ VE TİCARET A.Ş.,KLKIM,IGS,https://www.kap.org.tr/tr/kfif/4028e4a144a0804f01452d35e88a3208
2630,KALESERAMİK ÇANAKKALE KALEBODUR SERAMİK SANAYİ A.Ş.,KLSER,IGS,https://www.kap.org.tr/tr/kfif/4028e4a140f275550140f285f6cf0246
5306,KALKINMA GİRİŞİM SERMAYESİ PORTFÖY YÖNETİMİ A.Ş.,KGY,"FK, PYS",
5408,KALKINMA YATIRIM VARLIK KİRALAMA A.Ş.,KLVKS,IGS,
51,KAMUYU AYDINLATMA PLATFORMU,,DDK,
4229,KAP TEST A.Ş.,"KAPTESTAS001, TRAKAPTEST01",IGS,
220,KAP TEST BAĞIMSIZ DENETİM A.Ş.,,BDK,
4230,KAP TEST YATIRIM A.Ş.,KAPT,IGMS,
993,KAPLAMİN AMBALAJ SANAYİ VE TİCARET A.Ş.,KAPLM,IGS,https://www.kap.org.tr/tr/kfif/4028e4a1416e696501416f314a3960dc
229,KARAR BAĞIMSIZ DENETİM VE DANIŞMANLIK A.Ş.,,BDK,
994,KARDEMİR KARABÜK DEMİR ÇELİK SANAYİ VE TİCARET A.Ş.,"KRDMA, KRDMB, KRDMD",IGS,https://www.kap.org.tr/tr/kfif/4028e4a140f2ed7201412ace3ada0707
181,KARDEN PARTNERS BAĞIMSIZ DENETİM VE SMMM A.Ş.,,BDK,
2493,KARE PORTFÖY YÖNETİMİ A.Ş.,KRP,"FK, PYS",
1442,KAREL ELEKTRONİK SANAYİ VE TİCARET A.Ş.,KAREL,IGS,https://www.kap.org.tr/tr/kfif/4028e4a246b4c5a90147d42c754a6bba
995,KARSAN OTOMOTİV SANAYİİ VE TİCARET A.Ş.,KARSN,IGS,https://www.kap.org.tr/tr/kfif/4028e4a140f275530140f2e357a501f7
996,KARSU TEKSTİL SANAYİİ VE TİCARET A.Ş.,KRTEK,IGS,https://www.kap.org.tr/tr/kfif/4028e4a240f2ef47014106bb724601b1
5376,KARTAL YENİLENEBİLİR ENERJİ ÜRETİM A.Ş.,KARYE,IGS,https://www.kap.org.tr/tr/kfif/8acae2c5794d3d66017a62a693be689d
997,KARTONSAN KARTON SANAYİ VE TİCARET A.Ş.,KARTN,IGS,https://www.kap.org.tr/tr/kfif/4028e4a2416e697d01416e969af50d2e
2246,KATILIM EMEKLİLİK VE HAYAT A.Ş,,FK,
4330,KATILIM VARLIK KİRALAMA A.Ş.,KATVK,IGS,
5763,KATILIMEVİM TASARRUF FİNANSMAN A.Ş.,KTLEV,IGS,https://www.kap.org.tr/tr/kfif/8acae2c5830502c20185a9e2e5ac488b
1528,KATMERCİLER ARAÇ ÜSTÜ EKİPMAN SANAYİ VE TİCARET A.Ş.,KATMR,IGS,https://www.kap.org.tr/tr/kfif/4028e4a14184e9cf01419c001e945a74
127,KAVRAM BAĞIMSIZ DENETİM VE DANIŞMANLIK A.Ş.,,BDK,
3723,KAYSERİ ŞEKER FABRİKASI A.Ş.,KAYSE,IGS,https://www.kap.org.tr/tr/kfif/4028e4a144a0804f0145a837a7ad0a66
5813,KAİZEN BAĞIMSIZ DENETİM A.Ş.,,BDK,
2114,KENT FİNANS FAKTORİNG A.Ş.,KNTFA,IGS,
1000,KENT GIDA MADDELERİ SANAYİİ VE TİCARET A.Ş.,KENT,IGS,https://www.kap.org.tr/tr/kfif/4028e4a14184e9cf01419c41a8125db1
1002,KEREVİTAŞ GIDA SANAYİ VE TİCARET A.Ş.,KERVT,IGS,https://www.kap.org.tr/tr/kfif/4028e4a1416e696301416ec5743e289d
3456,KERVAN GIDA SANAYİ VE TİCARET A.Ş.,KRVGD,IGS,https://www.kap.org.tr/tr/kfif/4028e4a246b4c5a90148127e32eb47e9
897,KERVANSARAY YATIRIM HOLDİNG A.Ş.,KERVN,IGS,https://www.kap.org.tr/tr/kfif/4028e4a1415f4d9901416004afc13142
6010,KIRAÇ GALVANİZ TELEKOMİNİKASYON METAL MAKİNE İNŞAAT ELEKTRİK SANAYİ VE TİCARET A.Ş.,TCKRC,IGS,https://www.kap.org.tr/tr/kfif/8acae2c48c3efac0019137973fd07e5e
4946,KIZILAY GAYRİMENKUL VE GİRİŞİM SERMAYESİ PORTFÖY YÖNETİMİ A.Ş.,KPO,"FK, PYS",
5395,KIZILBÜK GAYRİMENKUL YATIRIM ORTAKLIĞI A.Ş.,KZBGY,IGS,https://www.kap.org.tr/tr/kfif/8acae2c5794d3d66017aadf2b6b719cb
1004,KLİMASAN KLİMA SANAYİ VE TİCARET A.Ş.,KLMSN,IGS,https://www.kap.org.tr/tr/kfif/4028e4a2416e696c01416f7763e874db
3776,KOCAER ÇELİK SANAYİ VE TİCARET A.Ş.,KCAER,IGS,https://www.kap.org.tr/tr/kfif/4028e4a2416f888d01416f9ea04a058f
3651,KOLEKSİYON MOBİLYA SANAYİ A.Ş.,KLSYN,IGS,https://www.kap.org.tr/tr/kfif/402821814da3a99c014f3b4e25ff608e
1006,KONFRUT GIDA SANAYİ VE TİCARET A.Ş.,KNFRT,IGS,https://www.kap.org.tr/tr/kfif/4028e4a140f2ed710140f2fc30bc006e
5206,KONTROLMATİK TEKNOLOJİ ENERJİ VE MÜHENDİSLİK A.Ş.,KONTR,IGS,https://www.kap.org.tr/tr/kfif/8acae2c5745d76320174c4879b101cb2
3308,KONYA KAĞIT SANAYİ VE TİCARET A.Ş.,KONKA,IGS,https://www.kap.org.tr/tr/kfif/4028e4a244a08180014619dea2160482
1008,KONYA ÇİMENTO SANAYİİ A.Ş.,KONYA,IGS,https://www.kap.org.tr/tr/kfif/4028e4a140f2ed720140f3014c9400cf
1125,KORAY GAYRİMENKUL YATIRIM ORTAKLIĞI A.Ş.,KGYO,IGS,https://www.kap.org.tr/tr/kfif/4028e4a240f2ef4c0141176f57ca04a5
1009,KORDSA TEKNİK TEKSTİL A.Ş.,KORDS,IGS,https://www.kap.org.tr/tr/kfif/4028e4a140f2ed720140f30606a700ec
5593,KOROPLAST TEMİZLİK AMBALAJ ÜRÜNLERİ SANAYİ VE DIŞ TİCARET A.Ş.,KRPLS,IGS,https://www.kap.org.tr/tr/kfif/8acae2c47f7cb49101803bbfecdb76dd
2363,KORTEKS MENSUCAT SANAYİ VE TİCARET A.Ş.,KORTS,IGS,
2365,KOTON MAĞAZACILIK TEKSTİL SANAYİ VE TİCARET A.Ş.,KOTON,IGS,https://www.kap.org.tr/tr/kfif/4028e4a2422d9a7801429a4cc3d64f41
1500,KOZA ALTIN İŞLETMELERİ A.Ş.,KOZAL,IGS,https://www.kap.org.tr/tr/kfif/4028e4a2422d9a6e0142bd91d3687a69
1010,KOZA ANADOLU METAL MADENCİLİK İŞLETMELERİ A.Ş.,KOZAA,IGS,https://www.kap.org.tr/tr/kfif/4028e4a2422d9a6e0142bd921d307a6d
5806,KOZA POLYESTER SANAYİ VE TİCARET A.Ş.,KOPOL,IGS,https://www.kap.org.tr/tr/kfif/8acae2c486d22a3b01873668ecf84494
1604,KOÇ FIAT KREDİ FİNANSMAN A.Ş.,KFKTF,IGS,
1438,KOÇ FİNANSMAN A.Ş.,KOCFN,IGS,
1005,KOÇ HOLDİNG A.Ş.,KCHOL,IGS,https://www.kap.org.tr/tr/kfif/4028e4a140f2ed710140f2f4d6c70039
3409,KOÇ METALURJİ A.Ş.,KOCMT,IGS,https://www.kap.org.tr/tr/kfif/4028e4a2416e696c01416f734ce273ad
2989,KOÇ SİSTEM BİLGİ VE İLETİŞİM HİZMETLERİ A.Ş.,KCSIS,IGMS,
82,KPMG BAĞIMSIZ DENETİM VE SERBEST MUHASEBECİ MALİ MÜŞAVİRLİK A.Ş.,,BDK,
1547,KRON TEKNOLOJİ A.Ş.,KRONT,IGS,https://www.kap.org.tr/tr/kfif/4028e4a2415f4f8401415ffc858834e3
1011,KRİSTAL KOLA VE MEŞRUBAT SANAYİ TİCARET A.Ş.,KRSTL,IGS,https://www.kap.org.tr/tr/kfif/4028e4a240f2ef4c0140f3180014001a
2058,KT KİRA SERTİFİKALARI VARLIK KİRALAMA A.Ş.,KTKVK,IGS,
4409,KT SUKUK VARLIK KİRALAMA A.Ş.,KTSVK,IGMS,
2366,KUVEYT TÜRK KATILIM BANKASI A.Ş.,KTK,YK,
2511,KUVEYT TÜRK PORTFÖY YÖNETİMİ A.Ş.,KTP,"FK, PYS",
6012,KUVEYT TÜRK YATIRIM MENKUL DEĞERLER A.Ş.,KVY,YK,
1070,KUVVA GIDA TİCARET VE SANAYİ YATIRIMLARI A.Ş.,KUVVA,IGS,https://www.kap.org.tr/tr/kfif/4028e4a2422d9a6e01424699b9d061ec
1619,KUYAŞ YATIRIM A.Ş.,KUYAS,IGS,https://www.kap.org.tr/tr/kfif/4028e4a241a25fd60141a2bf974c04e8
5911,KUZEY BORU A.Ş.,KBORU,IGS,https://www.kap.org.tr/tr/kfif/8acae2c48b2fa259018c33b3ca910ba8
5857,KUZUGRUP GAYRİMENKUL YATIRIM ORTAKLIĞI A.Ş.,KZGYO,IGS,https://www.kap.org.tr/tr/kfif/8acae2c586d22c53018a02754e924a33
1588,KUŞTUR KUŞADASI TURİZM ENDÜSTRİSİ A.Ş.,KSTUR,IGS,https://www.kap.org.tr/tr/kfif/4028e4a141462df201414f97fa07221a
196,KÖKER YEMİNLİ MALİ MÜŞAVİRLİK VE BAĞIMSIZ DENETİM A.Ş.,,BDK,
1610,KÖRFEZ GAYRİMENKUL YATIRIM ORTAKLIĞI A.Ş.,KRGYO,IGS,https://www.kap.org.tr/tr/kfif/4028e4a244a081810146002d6e0c555f
1012,KÜTAHYA PORSELEN SANAYİ A.Ş.,KUTPO,IGS,https://www.kap.org.tr/tr/kfif/4028e4a240f2ef4c014111cff01d0420
5365,KÜTAHYA ŞEKER FABRİKASI A.Ş.,KTSKR,IGS,https://www.kap.org.tr/tr/kfif/8acae2c5794d3d66017a1e5a8bfb4e07
1541,KİLER GAYRİMENKUL YATIRIM ORTAKLIĞI A.Ş.,KLGYO,IGS,https://www.kap.org.tr/tr/kfif/4028e4a2415f4f8101415f7009a809a2
3766,KİLER HOLDİNG A.Ş.,KLRHO,IGS,https://www.kap.org.tr/tr/kfif/4028e4a1415f4d990141600b4b5331e2
5480,KİMTEKS POLİÜRETAN SANAYİ VE TİCARET A.Ş.,KMPUR,IGS,https://www.kap.org.tr/tr/kfif/8acae2c47d3bee4e017da32a238f235f
4310,LDR TURİZM A.Ş.,LIDER,IGS,https://www.kap.org.tr/tr/kfif/8acae2c5570aaa2b0157be3a3ef749af
4970,LETVEN CAPITAL GİRİŞİM SERMAYESİ PORTFÖY YÖNETİMİ A.Ş.,LCP,"FK, PYS",
1016,LOGO YAZILIM SANAYİ VE TİCARET A.Ş.,LOGO,IGS,https://www.kap.org.tr/tr/kfif/4028e4a14158e41e01415b41210a6e8c
2368,LOGOS PORTFÖY YÖNETİMİ A.Ş.,LPO,"FK, PYS",
1535,LOKMAN HEKİM ENGÜRÜSAĞ SAĞLIK TURİZM EĞİTİM HİZMETLERİ VE İNŞAAT TAAHHÜT A.Ş.,LKMNH,IGS,https://www.kap.org.tr/tr/kfif/4028e4a24158e42401415f1d4417412e
1498,LORAS HOLDİNG A.Ş.,LRSHO,IGS,https://www.kap.org.tr/tr/kfif/4028e4a140f2ed7101411799cb9b02fc
1035,LYDİA HOLDİNG A.Ş.,LYDHO,IGS,https://www.kap.org.tr/tr/kfif/4028e4a240f2ef4701411763ed38047c
1687,LYDİA YEŞİL ENERJİ KAYNAKLARI A.Ş.,LYDYE,IGS,https://www.kap.org.tr/tr/kfif/4028e4a241a25fcb0141a7c3f3302405
1017,LÜKS KADİFE TİCARET VE SANAYİİ A.Ş.,LUKSK,IGS,https://www.kap.org.tr/tr/kfif/4028e4a140f2ed720140f31ed775014f
1509,LİDER FAKTORİNG A.Ş.,LIDFA,IGS,https://www.kap.org.tr/tr/kfif/4028e4a141da49ea0141dfe0d2732d48
4261,LİDYA BAĞIMSIZ DENETİM VE SERBEST MUHASEBECİ MALİ MÜŞAVİRLİK A.Ş.,,BDK,
5953,LİLA KAĞIT SANAYİ VE TİCARET A.Ş.,LILAK,IGS,https://www.kap.org.tr/tr/kfif/8acae2c48c3efac0018f193ab573372b
5930,LİMAK DOĞU ANADOLU ÇİMENTO SANAYİ VE TİCARET A.Ş.,LMKDC,IGS,https://www.kap.org.tr/tr/kfif/8acae2c58b2fa64e018d8cfe461558d3
1015,LİNK BİLGİSAYAR SİSTEMLERİ YAZILIMI VE DONANIMI SANAYİ VE TİCARET A.Ş.,LINK,IGS,https://www.kap.org.tr/tr/kfif/4028e4a2422d9a6e01428f2d3d020b61
218,LİSANS BAĞIMSIZ DENETİM VE DANIŞMANLIK A.Ş.,,BDK,
5679,MACKOLİK İNTERNET HİZMETLERİ TİCARET A.Ş.,MACKO,IGS,https://www.kap.org.tr/tr/kfif/8acae2c48304fe9e0183694124c82d0a
5562,MAKİM MAKİNA TEKNOLOJİLERİ SANAYİ VE TİCARET A.Ş.,MAKIM,IGS,https://www.kap.org.tr/tr/kfif/8acae2c57f7cbb49017f977f7f190949
1018,MAKİNA TAKIM ENDÜSTRİSİ A.Ş.,MAKTK,IGS,https://www.kap.org.tr/tr/kfif/4028e4a24158e42201415ad40fca5dd0
5357,MANAS ENERJİ YÖNETİMİ SANAYİ VE TİCARET A.Ş.,MANAS,IGS,https://www.kap.org.tr/tr/kfif/8acae2c5794d3d660179f09f7061388a
4606,MAQASID GAYRİMENKUL VE GİRİŞİM SERMAYESİ PORTFÖY YÖNETİMİ A.Ş.,MAP,"FK, PYS",
1324,MARBAŞ MENKUL DEĞERLER A.Ş.,"MRBAS, MRS","IGS, YK",
5426,MARGÜN ENERJİ ÜRETİM SANAYİ VE TİCARET A.Ş.,MAGEN,IGS,https://www.kap.org.tr/tr/kfif/8acae2c47afb298a017bf270b76b78f1
2698,MARKA MAĞAZACILIK A.Ş.,MRMAG,IGS,
1403,MARKA YATIRIM HOLDİNG A.Ş.,MARKA,IGS,https://www.kap.org.tr/tr/kfif/4028e4a140f2ed720141080991640264
2487,MARMARA CAPİTAL PORTFÖY YÖNETİMİ A.Ş.,MPY,"FK, PYS",
1021,MARMARİS ALTINYUNUS TURİSTİK TESİSLER A.Ş.,MAALT,IGS,https://www.kap.org.tr/tr/kfif/4028e4a140f2ed710141179bf0630308
1023,MARSHALL BOYA VE VERNİK SANAYİİ A.Ş.,MRSHL,IGS,https://www.kap.org.tr/tr/kfif/4028e4a140f2ed720140f325b12e0172
1521,MARTI GAYRİMENKUL YATIRIM ORTAKLIĞI A.Ş.,MRGYO,IGS,https://www.kap.org.tr/tr/kfif/4028e4a1415f4d9b0141603d2b414108
1022,MARTI OTEL İŞLETMELERİ A.Ş.,MARTI,IGS,https://www.kap.org.tr/tr/kfif/4028e4a1415f4d9b0141603d6cec410f
5280,MATRİKS FİNANSAL TEKNOLOJİLER A.Ş.,MTRKS,IGS,https://www.kap.org.tr/tr/kfif/8acae2c575a1b5b60177de29c7177130
3843,MAVİ GİYİM SANAYİ VE TİCARET A.Ş.,MAVI,IGS,https://www.kap.org.tr/tr/kfif/4028e4a141733b5101417ea9aae11fec
4652,MAXİS GİRİŞİM SERMAYESİ PORTFÖY YÖNETİMİ A.Ş.,MGY,"FK, PYS",
1024,MAZHAR ZORLU HOLDİNG A.Ş.,MZHLD,IGS,https://www.kap.org.tr/tr/kfif/4028e4a24158e42401415adbb0917e5e
221,MBK BAĞIMSIZ DENETİM VE SMMM A.Ş.,,BDK,
5364,MEDİTERA TIBBİ MALZEME SANAYİ VE TİCARET A.Ş.,MEDTR,IGS,https://www.kap.org.tr/tr/kfif/8acae2c5794d3d6a017a1de13bf04ff2
197,MEGA GLOBAL ULUSLARARASI BAĞIMSIZ DENETİM A.Ş.,,BDK,
4361,MEGA METAL SANAYİ VE TİCARET A.Ş.,MEGMT,IGS,https://www.kap.org.tr/tr/kfif/8acae2c5594ca644015964a5bef50e57
1601,MEGA POLİETİLEN KÖPÜK SANAYİ VE TİCARET A.Ş.,MEGAP,IGS,https://www.kap.org.tr/tr/kfif/4028e4a141e536460141ee602f162cdb
5875,MEKA GLOBAL MAKİNE İMALAT SANAYİ VE TİCARET A.Ş.,MEKAG,IGS,https://www.kap.org.tr/tr/kfif/8acae2c586d22c51018adff79d0f2d15
2563,MEKSA PORTFÖY YÖNETİMİ A.Ş.,MSP,"FK, PYS",
1326,MEKSA YATIRIM MENKUL DEĞERLER A.Ş.,"MEKMD, MSA","IGS, YK",
1027,MENDERES TEKSTİL SANAYİ VE TİCARET A.Ş.,MNDRS,IGS,https://www.kap.org.tr/tr/kfif/4028e4a1422d986e01425bfb19b05165
1553,MEPET METRO PETROL VE TESİSLERİ SANAYİ TİCARET A.Ş.,MEPET,IGS,https://www.kap.org.tr/tr/kfif/4028e4a1416e696301416ea253f418ae
5325,MERCAN KİMYA SANAYİ VE TİCARET A.Ş.,MERCN,IGS,https://www.kap.org.tr/tr/kfif/8acae2c4782a4d580178ee32b32864d5
5789,MERCEDES BENZ KAMYON FİNANSMAN A.Ş.,MRBKF,IGS,
2119,MERCEDES-BENZ FİNANSMAN TÜRK A.Ş.,MBFTR,IGS,
185,MERCEK BAĞIMSIZ DENETİM VE YEMİNLİ MALİ MÜŞAVİRLİK A.Ş.,,BDK,
20,MERKEZİ KAYIT KURULUŞU A.Ş.,,DDK,
1029,MERKO GIDA SANAYİ VE TİCARET A.Ş.,MERKO,IGS,https://www.kap.org.tr/tr/kfif/4028e4a240f2ef4701412bf3fc980553
235,MERİDYEN KURUMSAL ÇÖZÜM VE BAĞIMSIZ DENETİM A.Ş.,,BDK,
1594,MERİT TURİZM YATIRIM VE İŞLETME A.Ş.,MERIT,IGS,https://www.kap.org.tr/tr/kfif/4028e4a140f2ed7101412b9f84390347
5903,METAL OTO TİCARET A.Ş.,MTOTO,IGMS,
1032,METEMTUR YATIRIM ENERJİ TURİZM VE İNŞAAT A.Ş.,METUR,IGS,https://www.kap.org.tr/tr/kfif/4028e4a240f2ef4c0140f2f8fdcd0002
1854,METLİFE EMEKLİLİK VE HAYAT A.Ş.,,FK,
1362,METRO MENKUL DEĞERLER A.Ş.,MTY,YK,
4520,METRO PORTFÖY YÖNETİMİ A.Ş.,MEP,PYS,
1120,METRO TİCARİ VE MALİ YATIRIMLAR HOLDİNG A.Ş.,METRO,IGS,https://www.kap.org.tr/tr/kfif/4028e4a1416e696301416e9a320e1649
927,METRO YATIRIM ORTAKLIĞI A.Ş.,MTRYO,IGS,https://www.kap.org.tr/tr/kfif/4028e4a14158e41f01415b1cecc4619f
129,MGI BAĞIMSIZ DENETİM A.Ş.,,BDK,
5877,MHR GAYRİMENKUL YATIRIM ORTAKLIĞI A.Ş.,MHRGY,IGS,https://www.kap.org.tr/tr/kfif/8acae2c486d22a3a018b03ad439129a9
2118,MLP SAĞLIK HİZMETLERİ A.Ş.,MPARK,IGS,https://www.kap.org.tr/tr/kfif/4028e4a1462cc5dd01465c9550782baa
1563,MMC SANAYİ VE TİCARİ YATIRIMLAR A.Ş.,MMCAS,IGS,https://www.kap.org.tr/tr/kfif/4028e4a1415f4d99014160040b8e3137
3769,MNG KARGO YURTİÇİ VE YURTDIŞI TAŞIMACILIK A.Ş.,MNGKA,IGMS,
5462,MOBİLTEL İLETİŞİM HİZMETLERİ SANAYİ VE TİCARET A.Ş.,MOBTL,IGS,https://www.kap.org.tr/tr/kfif/8acae2c57afb2d70017d12c6d335669c
5180,MOGAN ENERJİ YATIRIM HOLDİNG A.Ş.,MOGAN,IGS,https://www.kap.org.tr/tr/kfif/8acae2c473646c5e0173e77f33b35138
1095,MONDİ TURKEY OLUKLU MUKAVVA KAĞIT VE AMBALAJ SANAYİ A.Ş.,MNDTR,IGS,https://www.kap.org.tr/tr/kfif/4028e4a24158e42201415ae7c0875fab
1265,MORGAN STANLEY MENKUL DEĞERLER A.Ş.,MSI,YK,
5980,MT PORTFÖY YÖNETİMİ A.Ş.,MPO,PYS,
4389,MUFG BANK TURKEY A.Ş.,MUF,YK,
5455,MİA TEKNOLOJİ A.Ş.,MIATK,IGS,https://www.kap.org.tr/tr/kfif/8acae2c47afb298a017cbcef284245ba
5314,MİDAS MENKUL DEĞERLER A.Ş.,MDS,YK,
1494,MİGROS TİCARET A.Ş.,MGROS,IGS,https://www.kap.org.tr/tr/kfif/4028e4a141462df2014150162e1c3424
3695,MİSTRAL GAYRİMENKUL YATIRIM ORTAKLIĞI A.Ş.,MSGYO,IGS,https://www.kap.org.tr/tr/kfif/8acae2c4540d444501545d374f8d070a
5668,MİSYON YATIRIM BANKASI A.Ş.,"MSY, MSYBN",YK,
238,MİTRA BAĞIMSIZ DENETİM A.Ş.,,BDK,
5390,NASMED ÖZEL SAĞLIK HİZMETLERİ TİCARET A.Ş.,EGEPO,IGS,https://www.kap.org.tr/tr/kfif/8acae2c4794d3648017a9fceecca0bad
5956,NATURA GAYRİMENKUL VE GİRİŞİM SERMAYESİ PORTFÖY YÖNETİMİ A.Ş.,NTR,PYS,
4904,NATUREL YENİLENEBİLİR ENERJİ TİCARET A.Ş.,NATEN,IGS,https://www.kap.org.tr/tr/kfif/8acae2c469cee2a2016bb6c259155c47
5303,NATURELGAZ SANAYİ VE TİCARET A.Ş.,NTGAZ,IGS,https://www.kap.org.tr/tr/kfif/8acae2c4782a4d580178492e12820f4f
1572,NCM INVESTMENT MENKUL DEĞERLER A.Ş.,NOR,YK,
4591,NEO PORTFÖY YÖNETİMİ A.Ş.,VVP,"FK, PYS",
1039,NET HOLDİNG A.Ş.,NTHOL,IGS,https://www.kap.org.tr/tr/kfif/4028e4a140f2ed7101412ba0829f034d
1301,NETA MENKUL DEĞERLER A.Ş.,NTA,YK,
1041,NETAŞ TELEKOMÜNİKASYON A.Ş.,NETAS,IGS,https://www.kap.org.tr/tr/kfif/4028e4a240f2ef47014111d7df220232
5793,NEVADOS BAĞIMSIZ DENETİM A.Ş.,,BDK,
1870,NN HAYAT VE EMEKLİLİK A.Ş.,,FK,
4285,NOBEL İLAÇ SANAYİİ VE TİCARET A.Ş.,NOBEL,IGMS,
4841,NOTE OFFİCE ULUSLARARASI BAĞIMSIZ DENETİM DANIŞMANLIK VE YEMİNLİ MALİ MÜŞAVİRLİK A.Ş.,,BDK,
1042,NUH ÇİMENTO SANAYİ A.Ş.,NUHCM,IGS,https://www.kap.org.tr/tr/kfif/4028e4a141558bdd014156053d9f04b2
1043,NUROL GAYRİMENKUL YATIRIM ORTAKLIĞI A.Ş.,NUGYO,IGS,https://www.kap.org.tr/tr/kfif/4028e4a1416e696301416f6100e76fb9
3791,NUROL HOLDİNG A.Ş.,NRHOL,IGS,
5329,NUROL PORTFÖY YÖNETİMİ A.Ş.,NRL,"FK, PYS",
4512,NUROL VARLIK KİRALAMA A.Ş.,NURVK,IGS,
2200,NUROL YATIRIM BANKASI A.Ş.,"NRBNK, NYB","IGS, YK",
3904,NUROL İNŞAAT VE TİCARET A.Ş.,NRLIN,IGS,
1577,NİĞBAŞ NİĞDE BETON SANAYİ VE TİCARET A.Ş.,NIBAS,IGS,https://www.kap.org.tr/tr/kfif/4028e4a1413b7ef501413bc24123002f
5934,OBA MAKARNACILIK SANAYİ VE TİCARET A.Ş.,OBAMS,IGS,https://www.kap.org.tr/tr/kfif/8acae2c58b2fa64e018dc01d63686b27
5596,OBASE BİLGİSAYAR VE DANIŞMANLIK HİZMETLERİ TİCARET A.Ş.,OBASE,IGS,https://www.kap.org.tr/tr/kfif/8acae2c57f7cbb49018050e4303b068b
1887,ODAŞ ELEKTRİK ÜRETİM SANAYİ TİCARET A.Ş.,ODAS,IGS,https://www.kap.org.tr/tr/kfif/4028e4a2416e696c01416edd70713183
2259,ODEA BANK A.Ş.,"ODB, ODEA",YK,
5941,ODİNE SOLUTİONS TEKNOLOJİ TİCARET VE SANAYİ A.Ş.,ODINE,IGS,https://www.kap.org.tr/tr/kfif/8acae2c58b2fa64e018e1cbdc7e02623
5851,OFİS YEM GIDA SANAYİ TİCARET A.Ş.,OFSYM,IGS,https://www.kap.org.tr/tr/kfif/8acae2c586d22c510189bf5dfc710286
2524,OMURGA GAYRİMENKUL VE GİRİŞİM SERMAYESİ PORTFÖY YÖNETİMİ A.Ş.,OGP,"FK, PYS",
5624,ONCOSEM ONKOLOJİK SİSTEMLER SANAYİ VE TİCARET A.Ş.,ONCSM,IGS,https://www.kap.org.tr/tr/kfif/8acae2c4812b870c018161f7cdde10f3
5962,ONUR YÜKSEK TEKNOLOJİ A.Ş.,ONRYT,IGS,https://www.kap.org.tr/tr/kfif/8acae2c58b2fa64e018f8540ca5f57d4
2819,OPET PETROLCÜLÜK A.Ş.,OPET,IGS,
2506,OPTİMA FAKTORİNG A.Ş.,OPTMA,IGS,
4751,ORAGON GAYRİMENKUL VE GİRİŞİM SERMAYESİ PORTFÖY YÖNETİMİ A.Ş.,ORA,"FK, PYS",
2121,ORFİN FİNANSMAN A.Ş.,ORFIN,IGS,
1603,ORGE ENERJİ ELEKTRİK TAAHHÜT A.Ş.,ORGE,IGS,https://www.kap.org.tr/tr/kfif/4028e4a140ee35c00140ee3971130009
1621,ORMA ORMAN MAHSÜLLERİ İNTEGRE SANAYİ VE TİCARET A.Ş.,ORMA,IGS,https://www.kap.org.tr/tr/kfif/4028e4a240ee37a90140ee3cedbb0002
5407,ORÇAY ORTAKÖY ÇAY SANAYİ VE TİCARET A.Ş.,ORCAY,IGS,https://www.kap.org.tr/tr/kfif/8acae2c47afb298b017b5ea1d5ee3d78
2483,OSMANLI PORTFÖY YÖNETİMİ A.Ş.,OMP,"FK, PYS",
1576,OSMANLI YATIRIM MENKUL DEĞERLER A.Ş.,"OMD, OSMEN","IGS, YK",https://www.kap.org.tr/tr/kfif/4028e4a240ee37a30140ee408ef80002
1576,OSMANLI YATIRIM MENKUL DEĞERLER A.Ş.,"OMD, OSMEN","IGS, YK",
1596,OSTİM ENDÜSTRİYEL YATIRIMLAR VE İŞLETME A.Ş.,OSTIM,IGS,https://www.kap.org.tr/tr/kfif/4028e4a241462fd8014149e82fb004c5
1046,OTOKAR OTOMOTİV VE SAVUNMA SANAYİ A.Ş.,OTKAR,IGS,https://www.kap.org.tr/tr/kfif/4028e4a140ee35c70140ee4316b3001d
2120,OTOKOÇ OTOMOTİV TİCARET VE SANAYİ A.Ş.,OTOKC,IGS,
5880,OTOSOR OTOMOTİV A.Ş.,OTOSR,IGMS,
1752,OTTO HOLDİNG A.Ş.,OTTO,IGS,https://www.kap.org.tr/tr/kfif/4028e4a14203278a01420955fc5d14bd
2346,OYAK PORTFÖY YÖNETİMİ A.Ş.,OPO,"FK, PYS",
2486,OYAK YATIRIM MENKUL DEĞERLER A.Ş.,"OYA, OYYAT","IGS, YK",
2486,OYAK YATIRIM MENKUL DEĞERLER A.Ş.,"OYA, OYYAT","IGS, YK",https://www.kap.org.tr/tr/kfif/4028e4a14158e41f01415a5e854d4441
1456,OYAK YATIRIM ORTAKLIĞI A.Ş.,OYAYO,IGS,https://www.kap.org.tr/tr/kfif/4028e4a140ee35c70140ee4e93870038
1019,OYAK ÇİMENTO FABRİKALARI A.Ş.,OYAKC,IGS,https://www.kap.org.tr/tr/kfif/4028e4a140f2ed720140f32377aa016c
1598,OYLUM SINAİ YATIRIMLAR A.Ş.,OYLUM,IGS,https://www.kap.org.tr/tr/kfif/4028e4a14184e9cf0141919d8abd1552
2189,PALEN ENERJİ DOĞALGAZ DAĞITIM ENDÜSTRİ VE TİCARET A.Ş.,PALEN,IGMS,
2122,PALGAZ DOĞALGAZ DAĞITIM SANAYİ VE TİCARET A.Ş.,PLGAZ,IGMS,
2469,PALMET ENERJİ A.Ş.,PALMT,IGMS,
2262,PAMEL YENİLENEBİLİR ELEKTRİK ÜRETİM A.Ş.,PAMEL,IGS,https://www.kap.org.tr/tr/kfif/4028e4a246b4c5a90147f8ed32b0722f
5487,PANELSAN ÇATI CEPHE SİSTEMLERİ SANAYİ VE TİCARET A.Ş.,PNLSN,IGS,https://www.kap.org.tr/tr/kfif/8acae2c47d3bee50017db95876e6220e
1753,PANORA GAYRİMENKUL YATIRIM ORTAKLIĞI A.Ş.,PAGYO,IGS,https://www.kap.org.tr/tr/kfif/4028e4a240f2ef4c014134d6641f062a
1338,PAPARA MENKUL DEĞERLER A.Ş.,POL,YK,
4989,PAPİLON SAVUNMA TEKNOLOJİ VE TİCARET A.Ş.,PAPIL,IGS,https://www.kap.org.tr/tr/kfif/8acae2c46e7fdc6a016e93286c5304b5
4640,PARAFİNANS FAKTORİNG A.Ş.,PRFFK,IGS,
5417,PARDUS GİRİŞİM SERMAYESİ YATIRIM ORTAKLIĞI A.Ş.,PRDGS,IGS,https://www.kap.org.tr/tr/kfif/8acae2c57afb2d71017bceb97170639d
5552,PARDUS PORTFÖY YÖNETİMİ A.Ş.,PA1,"FK, PYS",
1049,PARK ELEKTRİK ÜRETİM MADENCİLİK SANAYİ VE TİCARET A.Ş.,PRKME,IGS,https://www.kap.org.tr/tr/kfif/4028e4a141da49ea0141e45622e54843
1050,PARSAN MAKİNA PARÇALARI SANAYİİ A.Ş.,PARSN,IGS,https://www.kap.org.tr/tr/kfif/4028e4a140ee84900140f1ecef250011
2025,PASHA YATIRIM BANKASI A.Ş.,"PBT, PBTR","IGS, YK",
5826,PASİFİK EURASİA LOJİSTİK DIŞ TİCARET A.Ş.,PASEU,IGS,https://www.kap.org.tr/tr/kfif/8acae2c586d22c5101887ae575873835
5371,PASİFİK GAYRİMENKUL YATIRIM ORTAKLIĞI A.Ş.,PSGYO,IGS,https://www.kap.org.tr/tr/kfif/8acae2c4794d364a017a51e9e5d256c9
5928,PASİFİK TEKNOLOJİ A.Ş.,PATEK,IGS,https://www.kap.org.tr/tr/kfif/8acae2c58b2fa64e018d63b9afbd4e6c
1336,PAY MENKUL DEĞERLER A.Ş.,PAY,YK,
5299,PC İLETİŞİM VE MEDYA HİZMETLERİ SANAYİ TİCARET A.Ş.,PCILT,IGS,https://www.kap.org.tr/tr/kfif/8acae2c5782a4e6d017844c378070abd
1710,PEGASUS HAVA TAŞIMACILIĞI A.Ş.,PGSUS,IGS,https://www.kap.org.tr/tr/kfif/4028e4a2422d9a78014232e751bc22a4
4584,PEKER GAYRİMENKUL YATIRIM ORTAKLIĞI A.Ş.,PEKGY,IGS,https://www.kap.org.tr/tr/kfif/8acae2c55fc6011001617acbeb1b48da
1052,PENGUEN GIDA SANAYİ A.Ş.,PENGD,IGS,https://www.kap.org.tr/tr/kfif/4028e4a246b4c5a9014836bd56174fe9
3909,PENTA TEKNOLOJİ ÜRÜNLERİ DAĞITIM TİCARET A.Ş.,PENTA,IGS,https://www.kap.org.tr/tr/kfif/4028e4a14184e9c9014198033c094251
968,PERA YATIRIM HOLDİNG A.Ş.,PEHOL,IGS,https://www.kap.org.tr/tr/kfif/4028e4a240ee866c0140f1f6699e0018
2304,PERFORM PORTFÖY YÖNETİMİ A.Ş.,PER,"FK, PYS",
2371,PERGAMON STATUS DIŞ TİCARET A.Ş.,PSDTC,IGS,https://www.kap.org.tr/tr/kfif/1DE05DAA8399073AE0530A4A622A2EBD
1053,PETKİM PETROKİMYA HOLDİNG A.Ş.,PETKM,IGS,https://www.kap.org.tr/tr/kfif/4028e4a240f2ef470141165c566a03e4
1054,PETROKENT TURİZM A.Ş.,PKENT,IGS,https://www.kap.org.tr/tr/kfif/4028e4a140f2ed72014106c1df9a021f
5338,PHİLLİP PORTFÖY YÖNETİMİ A.Ş.,PHP,"FK, PYS",
1311,PHİLLİPCAPİTAL MENKUL DEĞERLER A.Ş.,"PHC, PHLLP",YK,
1057,PINAR ENTEGRE ET VE UN SANAYİİ A.Ş.,PETUN,IGS,https://www.kap.org.tr/tr/kfif/4028e4a240ee866c0140f1f7b3990027
1058,PINAR SU VE İÇECEK SANAYİ VE TİCARET A.Ş.,PINSU,IGS,https://www.kap.org.tr/tr/kfif/4028e4a240ee866c0140f1f8c01a003e
1059,PINAR SÜT MAMÜLLERİ SANAYİİ A.Ş.,PNSUT,IGS,https://www.kap.org.tr/tr/kfif/4028e4a240ee866c0140f1f97e530042
227,PKF ADAY BAĞIMSIZ DENETİM A.Ş.,,BDK,
1402,PLASTİKKART AKILLI KART İLETİŞİM SİSTEMLERİ SANAYİ VE TİCARET A.Ş.,PKART,IGS,https://www.kap.org.tr/tr/kfif/4028e4a24184e9e501419d8dd26e7538
3208,PLATFORM TURİZM TAŞIMACILIK GIDA İNŞAAT TEMİZLİK HİZMETLERİ SANAYİ VE TİCARET A.Ş.,PLTUR,IGS,https://www.kap.org.tr/tr/kfif/4028e4a2422d9a7801427038d3fc1e11
1608,POLİSAN HOLDİNG A.Ş.,POLHO,IGS,https://www.kap.org.tr/tr/kfif/4028e4a241733d4a01417414a27127d7
2219,POLİTEKNİK METAL SANAYİ VE TİCARET A.Ş.,POLTK,IGS,https://www.kap.org.tr/tr/kfif/4028e4a246b4c5a90147fcd473d37f85
1340,PRİM MENKUL DEĞERLER A.Ş.,PMK,YK,
1599,PRİZMA PRES MATBAACILIK YAYINCILIK SANAYİ VE TİCARET A.Ş.,PRZMA,IGS,https://www.kap.org.tr/tr/kfif/4028e4a2415f4f8401415ff644c5341c
5913,PUSULA PORTFÖY YÖNETİMİ A.Ş.,PSP,"FK, PYS",
92,PwC BAĞIMSIZ DENETİM VE SERBEST MUHASEBECİ MALİ MÜŞAVİRLİK A.Ş,,BDK,
1337,PİRAMİT MENKUL KIYMETLER A.Ş.,PIT,YK,
5902,PİRAMİT PORTFÖY YÖNETİMİ A.Ş.,PRT,"FK, PYS",
6002,Q YATIRIM BANKASI A.Ş.,"QYATB, YBQ","IGS, YK",
5667,Q YATIRIM HOLDİNG A.Ş.,QYHOL,IGS,
2299,QINVEST PORTFÖY YÖNETİMİ A.Ş.,IEP,"FK, PYS",
2417,QNB BANK A.Ş.,"FIN, QNBFB","IGS, YK",https://www.kap.org.tr/tr/kfif/4028e4a240e95dc90140ee076f400178
2417,QNB BANK A.Ş.,"FIN, QNBFB","IGS, YK",
2218,QNB FAKTORİNG A.Ş.,QNBFF,IGS,
953,QNB FİNANSAL KİRALAMA A.Ş.,QNBFL,IGS,https://www.kap.org.tr/tr/kfif/4028e4a140f2ed7201410821418e027d
2305,QNB PORTFÖY YÖNETİMİ A.Ş.,FPY,"FK, PYS",
1765,QNB SAĞLIK HAYAT SİGORTA VE EMEKLİLİK A.Ş.,,FK,
4843,QNB VARLIK KİRALAMA A.Ş.,QNBVK,IGS,
1302,QNB YATIRIM MENKUL DEĞERLER A.Ş.,"FNY, QNBFI","IGS, YK",
4887,QUA GRANITE HAYAL YAPI VE ÜRÜNLERİ SANAYİ TİCARET A.Ş.,QUAGR,IGS,https://www.kap.org.tr/tr/kfif/8acae2c469cee2a4016b1c1dc11f2b03
5613,QUICK FİNANSMAN A.Ş.,QUFIN,IGS,
2507,RABOBANK A.Ş.,RBO,YK,
883,RAL YATIRIM HOLDİNG A.Ş.,RALYH,IGS,https://www.kap.org.tr/tr/kfif/4028e4a240f2ef4c0141029be169015f
5583,RAM BAĞIMSIZ DENETİM VE DANIŞMANLIK A.Ş.,,BDK,
138,RASYONEL BAĞIMSIZ DENETİM VE YEMİNLİ MALİ MÜŞAVİRLİK A.Ş.,,BDK,
1063,RAY SİGORTA A.Ş.,RAYSG,IGS,https://www.kap.org.tr/tr/kfif/4028e4a241733d4201417ddf67f8288c
5418,RAİNBOW POLİKARBONAT SANAYİ TİCARET A.Ş.,RNPOL,IGS,https://www.kap.org.tr/tr/kfif/8acae2c47afb298b017bcfa8c4e96550
2472,RE-PIE PORTFÖY YÖNETİMİ A.Ş.,PIE,"FK, PYS",
240,REANDA AREN BAĞIMSIZ DENETİM VE SMMM A.Ş.,,BDK,
5866,REEDER TEKNOLOJİ SANAYİ VE TİCARET A.Ş.,REEDR,IGS,https://www.kap.org.tr/tr/kfif/8acae2c586d22c53018a73739d9104a8
4598,REFORM BAĞIMSIZ DENETİM A.Ş.,,BDK,
139,REHBER BAĞIMSIZ DENETİM VE YEMİNLİ MALİ MÜŞAVİRLİK A.Ş.,,BDK,
224,REPORT BAĞIMSIZ DENETİM A.Ş.,,BDK,
1514,REYSAŞ GAYRİMENKUL YATIRIM ORTAKLIĞI A.Ş.,RYGYO,IGS,https://www.kap.org.tr/tr/kfif/4028e4a140ee847b0140f20278c00023
1415,REYSAŞ TAŞIMACILIK VE LOJİSTİK TİCARET A.Ş.,RYSAS,IGS,https://www.kap.org.tr/tr/kfif/4028e4a140ee847b0140f203980d0030
1998,RODRİGO TEKSTİL SANAYİ VE TİCARET A.Ş.,RODRG,IGS,https://www.kap.org.tr/tr/kfif/4028e4a241e538ab0141ef77414543c5
5540,ROTA PORTFÖY YÖNETİMİ A.Ş.,ROP,"FK, PYS",
1714,ROYAL HALI İPLİK TEKSTİL MOBİLYA SANAYİ VE TİCARET A.Ş.,ROYAL,IGS,https://www.kap.org.tr/tr/kfif/4028e4a2416e696c01416f75fb677481
213,RSM TURKEY ULUSLARARASI BAĞIMSIZ DENETİM A.Ş.,,BDK,
2258,RTA LABORATUVARLARI BİYOLOJİK ÜRÜNLER İLAÇ VE MAKİNE SANAYİ TİCARET A.Ş.,RTALB,IGS,https://www.kap.org.tr/tr/kfif/4028e4a2486ec9ba0148c19eb7eb1933
5478,RUBENİS TEKSTİL SANAYİ TİCARET A.Ş.,RUBNS,IGS,https://www.kap.org.tr/tr/kfif/8acae2c47d3bee50017d8f777c171313
1548,RÖNESANS GAYRİMENKUL YATIRIM A.Ş.,RGYAS,IGS,https://www.kap.org.tr/tr/kfif/4028e4a241b612d80141d9a52e2a2727
2133,RÖNESANS HOLDİNG A.Ş.,RNHOL,IGMS,
4550,SAFKAR EGE SOĞUTMACILIK KLİMA SOĞUK HAVA TESİSLERİ İHRACAT İTHALAT SANAYİ VE TİCARET A.Ş.,SAFKR,IGS,https://www.kap.org.tr/tr/kfif/8acae2c55fc6011101602fcafb57255a
5937,SAHA KURUMSAL YÖNETİM VE KREDİ DERECELENDİRME HİZMETLERİ A.Ş.,SAHAR,DCS,
2068,SAN-EL MÜHENDİSLİK ELEKTRİK TAAHHÜT SANAYİ VE TİCARET A.Ş.,SANEL,IGS,https://www.kap.org.tr/tr/kfif/4028e4a143371eea0143532e82ac510b
1066,SANKO PAZARLAMA İTHALAT İHRACAT A.Ş.,SANKO,IGS,https://www.kap.org.tr/tr/kfif/4028e4a242140a92014223b5b91333e8
5691,SANİCA ISI SANAYİ A.Ş.,SNICA,IGS,https://www.kap.org.tr/tr/kfif/8acae2c5830502c20183cb8491655a67
1578,SANİFOAM ENDÜSTRİ VE TÜKETİM ÜRÜNLERİ SANAYİ TİCARET A.Ş.,SANFM,IGS,https://www.kap.org.tr/tr/kfif/4028e4a141733b560141741ee61b25bd
1552,SARAY MATBAACILIK KAĞITÇILIK KIRTASİYECİLİK TİCARET VE SANAYİ A.Ş.,SAMAT,IGS,https://www.kap.org.tr/tr/kfif/4028e4a1415f4d9b01415fde1bcc2fce
1067,SARKUYSAN ELEKTROLİTİK BAKIR SANAYİ VE TİCARET A.Ş.,SARKY,IGS,https://www.kap.org.tr/tr/kfif/4028e4a140f2ed7101410294f924012d
1688,SARTEN AMBALAJ SANAYİ VE TİCARET A.Ş.,SARTN,IGS,
1068,SASA POLYESTER SANAYİ A.Ş.,SASA,IGS,https://www.kap.org.tr/tr/kfif/4028e4a240ee866c0140f20abd9500cc
1983,SAY YENİLENEBİLİR ENERJİ EKİPMANLARI SANAYİ VE TİCARET A.Ş.,SAYAS,IGS,https://www.kap.org.tr/tr/kfif/4028e4a1415f4d9901416000c2de30f0
5686,SDT UZAY VE SAVUNMA TEKNOLOJİLERİ A.Ş.,SDTTR,IGS,https://www.kap.org.tr/tr/kfif/8acae2c48304fe9e0183ac70038e4941
5881,SEFİNE DENİZCİLİK TERSANECİLİK TURİZM SANAYİ VE TİCARET A.Ş.,SFNED,IGMS,
2050,SEKURO PLASTİK AMBALAJ SANAYİ A.Ş.,SEKUR,IGS,https://www.kap.org.tr/tr/kfif/1DE05DAA83C4073AE0530A4A622A2EBD
5362,SELVA GIDA SANAYİ A.Ş.,SELVA,IGS,https://www.kap.org.tr/tr/kfif/8acae2c5794d3d6a0179fb3f31d744cd
1420,SELÇUK ECZA DEPOSU TİCARET VE SANAYİ A.Ş.,SELEC,IGS,https://www.kap.org.tr/tr/kfif/4028e4a2416e697d01416ec00e101dce
1069,SELÇUK GIDA ENDÜSTRİ İHRACAT İTHALAT A.Ş.,SELGD,IGS,https://www.kap.org.tr/tr/kfif/4028e4a141733b51014173e7419c13f1
2437,SENKRON SİBER GÜVENLİK YAZILIM VE BİLİŞİM ÇÖZÜMLERİ A.Ş.,SNKRN,IGS,https://www.kap.org.tr/tr/kfif/402821824bf524dd014c27907cd65b79
186,SER-BERKER BAĞIMSIZ DENETİM A.Ş.,,BDK,
39,SERMAYE PİYASASI KURULU,,DDK,
1705,SERVET GAYRİMENKUL YATIRIM ORTAKLIĞI A.Ş.,SRVGY,IGS,https://www.kap.org.tr/tr/kfif/4028e4a1416e696501416f80a3377c4b
2154,SETUR SERVİS TURİSTİK A.Ş.,KHSTR,IGS,
2500,SEYİTLER KİMYA SANAYİ A.Ş.,SEYKM,IGS,https://www.kap.org.tr/tr/kfif/402821824da3aa97014f16c428d14bcf
5976,SEĞMEN KARDEŞLER GIDA ÜRETİM VE AMBALAJ SANAYİ A.Ş.,SEGMN,IGS,https://www.kap.org.tr/tr/kfif/8acae2c48c3efabf019017378c962a6d
5178,SGD BAĞIMSIZ DENETİM HİZMETLERİ A.Ş.,,BDK,
3084,SHELL & TURCAS PETROL A.Ş.,SHTRP,IGS,
1602,SKYALP FİNANSAL TEKNOLOJİLER VE DANIŞMANLIK A.Ş.,SKYLP,IGS,https://www.kap.org.tr/tr/kfif/4028e4a1415f4d9b01415ff295793adc
5557,SMART GÜNEŞ ENERJİSİ TEKNOLOJİLERİ ARAŞTIRMA GELİŞTİRME ÜRETİM SANAYİ VE TİCARET A.Ş.,SMRTG,IGS,https://www.kap.org.tr/tr/kfif/8acae2c47d3bee4e017f49ce882e7b01
4872,SMARTİKS YAZILIM A.Ş.,SMART,IGS,https://www.kap.org.tr/tr/kfif/8acae2c569cee403016a6d8db5035804
2049,SOCIETE GENERALE  S.A. PARİS MERKEZİ FRANSA İSTANBUL TÜRKİYE MERKEZ ŞUBESİ,SOG,YK,
1583,SODAŞ SODYUM SANAYİİ A.Ş.,SODSN,IGS,https://www.kap.org.tr/tr/kfif/4028e4a140f2ed7201412ad04fdc071d
5537,STATECH PORTFÖY YÖNETİMİ A.Ş.,STE,"FK, PYS",
1349,STRATEJİ MENKUL DEĞERLER A.Ş.,STJ,YK,
2480,STRATEJİ PORTFÖY YÖNETİMİ A.Ş.,STP,"FK, PYS",
2801,SUMAŞ SUNİ TAHTA VE MOBİLYA SANAYİİ A.Ş.,SUMAS,IGS,https://www.kap.org.tr/tr/kfif/4028e4a141e536460141ea4aa4271f3b
146,SUN BAĞIMSIZ DENETİM VE YEMİNLİ MALİ MÜŞAVİRLİK A.Ş.,,BDK,
5587,SUN TEKSTİL SANAYİ VE TİCARET A.Ş.,SUNTK,IGS,https://www.kap.org.tr/tr/kfif/8acae2c47f7cb4920180234f4d1064b4
3465,SUPERONLINE İLETİŞİM HİZMETLERİ A.Ş.,SUPER,DG,
5910,SUR TATİL EVLERİ GAYRİMENKUL YATIRIM ORTAKLIĞI A.Ş.,SURGY,IGS,https://www.kap.org.tr/tr/kfif/8acae2c48b2fa25a018c33a0808a03b0
5332,SUWEN TEKSTİL SANAYİ PAZARLAMA A.Ş.,SUWEN,IGS,https://www.kap.org.tr/tr/kfif/8acae2c47902e75601792308abd41e4a
4744,SUZUKİ MOTORLU ARAÇLAR PAZARLAMA A.Ş.,SZUKI,IGMS,
4099,SÖKE DEĞİRMENCİLİK SANAYİ VE TİCARET A.Ş.,SOKE,IGS,https://www.kap.org.tr/tr/kfif/8acae2c552495f640152d616d67a0b95
1073,SÖKTAŞ TEKSTİL SANAYİ VE TİCARET A.Ş.,SKTAS,IGS,https://www.kap.org.tr/tr/kfif/4028e4a140f275530140f27bc043017d
1074,SÖNMEZ FİLAMENT SENTETİK İPLİK VE ELYAF SANAYİ A.Ş.,SONME,IGS,https://www.kap.org.tr/tr/kfif/4028e4a240f2ef4c01412ad6196104d2
1075,SÖNMEZ PAMUKLU SANAYİİ A.Ş.,SNPAM,IGS,https://www.kap.org.tr/tr/kfif/4028e4a240f2ef4c01412ad919a504dd
2411,SÜMER FAKTORİNG A.Ş.,SMRFA,IGS,
3660,SÜMER VARLIK YÖNETİM A.Ş.,SMRVA,IGS,
1436,SİLVERLİNE ENDÜSTRİ VE TİCARET A.Ş.,SILVR,IGS,https://www.kap.org.tr/tr/kfif/4028e4a243dd5e8f01440734fd5613db
1459,SİNPAŞ GAYRİMENKUL YATIRIM ORTAKLIĞI A.Ş.,SNGYO,IGS,https://www.kap.org.tr/tr/kfif/4028e4a14184e9cf01419c0168dd5a87
5665,T.C. HAZİNE VE MALİYE BAKANLIĞI DARPHANE VE DAMGA MATBAASI GENEL MÜDÜRLÜĞÜ,DRPHN,IGS,
4408,T.C. TOPLU KONUT İDARESİ BAŞKANLIĞI,TOKI,IGS,
2419,T.C. ZİRAAT BANKASI A.Ş.,"TCZ, TCZB",YK,
4065,TAB GIDA SANAYİ VE TİCARET A.Ş.,TABGD,IGS,https://www.kap.org.tr/tr/kfif/4028e4a141e536460141e5aa84740938
2350,TACİRLER PORTFÖY YÖNETİMİ A.Ş.,TCR,"FK, PYS",
2522,TACİRLER YATIRIM MENKUL DEĞERLER A.Ş.,"TAC, TCRYT","IGS, YK",
2188,TAM FİNANS FAKTORİNG A.Ş.,TAMFA,IGS,
5261,TAPDİ OKSİJEN ÖZEL SAĞLIK VE EĞİTİM HİZMETLERİ SANAYİ TİCARET A.Ş.,TNZTP,IGS,https://www.kap.org.tr/tr/kfif/8acae2c575a1b5b601773e8cc29d0b24
6030,TARFİN TARIM A.Ş.,TARFN,DG,
5012,TARIM KREDİ HOLDİNG A.Ş.,TKHOL,IGMS,
5366,TARIM KREDİ TEDARİK VE ÜRETİM A.Ş.,TKBIR,IGMS,
3054,TARIM KREDİ YEM SANAYİ VE TİCARET A.Ş.,TKYEM,IGMS,
6027,TARIMKREDİ YAĞ SANAYİ VE TİCARET A.Ş.,TKYAG,DG,
5023,TARKİM BİTKİ KORUMA SANAYİ VE TİCARET A.Ş.,TARKM,IGS,https://www.kap.org.tr/tr/kfif/8acae2c56eccfc0c016fae44264f6323
1091,TAT GIDA SANAYİ A.Ş.,TATGD,IGS,https://www.kap.org.tr/tr/kfif/4028e4a140f2ed720140f31089aa010a
5850,TATLIPINAR ENERJİ ÜRETİM A.Ş.,TATEN,IGS,https://www.kap.org.tr/tr/kfif/8acae2c586d22c510189bf5827490281
1452,TAV HAVALİMANLARI HOLDİNG A.Ş.,TAVHL,IGS,https://www.kap.org.tr/tr/kfif/4028e4a140f2ed720140f31195ef010e
3025,TEB FAKTORİNG A.Ş.,TEBFA,IGMS,
2147,TEB FİNANSMAN A.Ş.,TEBCE,IGS,
2315,TEB PORTFÖY YÖNETİMİ A.Ş.,TEY,"FK, PYS",
1357,TEB YATIRIM MENKUL DEĞERLER A.Ş.,"TBY, TEBYT",YK,
1092,TEK-ART İNŞAAT TİCARET TURİZM SANAYİ VE YATIRIMLAR A.Ş.,TEKTU,IGS,https://www.kap.org.tr/tr/kfif/4028e4a1416e696301416effc1a04330
1470,TEKFEN HOLDİNG A.Ş.,TKFEN,IGS,https://www.kap.org.tr/tr/kfif/4028e4a140f2ed720140f31367840112
1607,TEKNOSA İÇ VE DIŞ TİCARET A.Ş.,TKNSA,IGS,https://www.kap.org.tr/tr/kfif/4028e4a240f2ef470140f31ac6aa006f
2075,TEMAPOL POLİMER PLASTİK VE İNŞAAT SANAYİ TİCARET A.Ş.,TMPOL,IGS,https://www.kap.org.tr/tr/kfif/4028e4a246b4c5ad0148319a4a87518f
2463,TERA FİNANS FAKTORİNG A.Ş.,ARNFK,IGS,
2560,TERA PORTFÖY YÖNETİMİ A.Ş.,SKP,"FK, PYS",
5886,TERA YATIRIM BANKASI A.Ş.,"TAE, TRBNK","IGS, YK",
2464,TERA YATIRIM MENKUL DEĞERLER A.Ş.,"TERA, TRA","IGS, YK",https://www.kap.org.tr/tr/kfif/4028e4a141733b56014178115f7e51e7
2464,TERA YATIRIM MENKUL DEĞERLER A.Ş.,"TERA, TRA","IGS, YK",
1711,TF VARLIK KİRALAMA A.Ş.,TFNVK,IGS,
1293,TFG İSTANBUL MENKUL DEĞERLER A.Ş.,TFG,YK,
1613,TGS DIŞ TİCARET A.Ş.,TGSAS,IGS,https://www.kap.org.tr/tr/kfif/4028e4a140f2ed710140f3255bea009c
6029,TK TARIM KREDİ PAZARLAMA VE MARKETÇİLİK A.Ş.,TKMRT,DG,
1096,TOFAŞ TÜRK OTOMOBİL FABRİKASI A.Ş.,TOASO,IGS,https://www.kap.org.tr/tr/kfif/4028e4a140f2ed710140f328bed700a5
5698,TOPRAK MAHSULLERİ OFİSİ A.Ş.,TMOAS,IGMS,
1524,TORUNLAR GAYRİMENKUL YATIRIM ORTAKLIĞI A.Ş.,TRGYO,IGS,https://www.kap.org.tr/tr/kfif/4028e4a1413b7ef5014144f83882011f
4570,TRABZON LİMAN İŞLETMECİLİĞİ A.Ş.,TLMAN,IGS,https://www.kap.org.tr/tr/kfif/8acae2c45fc5ff9d0160e9391f3b05a4
1400,TRABZONSPOR SPORTİF YATIRIM VE FUTBOL İŞLETMECİLİĞİ TİCARET A.Ş.,TSPOR,IGS,https://www.kap.org.tr/tr/kfif/4028e4a141da49e50141e0852f272b80
4580,TREND GAYRİMENKUL YATIRIM ORTAKLIĞI A.Ş.,TDGYO,IGS,https://www.kap.org.tr/tr/kfif/8acae2c45fc5ff9d01613299f17a2065
5594,TRIVE PORTFÖY YÖNETİMİ A.Ş.,KIG,"FK, PYS",
1296,TRIVE YATIRIM MENKUL DEĞERLER A.Ş.,"TRMEN, TVM","IGS, YK",
1502,TSKB GAYRİMENKUL YATIRIM ORTAKLIĞI A.Ş.,TSGYO,IGS,https://www.kap.org.tr/tr/kfif/4028e4a240f2ef470140f37174c600a7
5310,TTK BAĞIMSIZ DENETİM VE YEMİNLİ MALİ MÜŞAVİRLİK A.Ş.,,BDK,
1101,TUKAŞ GIDA SANAYİ VE TİCARET A.Ş.,TUKAS,IGS,https://www.kap.org.tr/tr/kfif/4028e4a240f2ef470140f373b77f00ac
1102,TURCAS PETROL A.Ş.,TRCAS,IGS,https://www.kap.org.tr/tr/kfif/4028e4a1415f4d9b01416005c65d3d53
4355,TUREKS TURUNÇ MADENCİLİK İÇ VE DIŞ TİCARET A.Ş.,MARBL,IGS,https://www.kap.org.tr/tr/kfif/8acae2c45835eb6501593a986e7e57f7
3986,TUREKS TURİZM TAŞIMACILIK A.Ş.,TUREX,IGS,https://www.kap.org.tr/tr/kfif/402821824bf524dd014d7babc2134829
4952,TURK FİNANSMAN A.Ş.,TRKFN,IGS,
5263,TURK İLAÇ VE SERUM SANAYİ A.Ş.,TRILC,IGS,https://www.kap.org.tr/tr/kfif/8acae2c575a1b5b601773ec6c0030b66
4112,TURKCELL FİNANSMAN A.Ş.,FNCLL,IGS,
4124,TURKCELL ÖDEME VE ELEKTRONİK PARA HİZMETLERİ A.Ş.,PYCLL,DG,
1103,TURKCELL İLETİŞİM HİZMETLERİ A.Ş.,TCELL,IGS,https://www.kap.org.tr/tr/kfif/4028e4a1486ec80a0148c55510d71d31
2201,TURKISH BANK A.Ş.,"TBA, TRKSH","IGS, YK",
1365,TURKISH MENKUL DEĞERLER A.Ş.,"TKY, TKYAT",YK,
2204,TURKLAND BANK A.Ş.,TBN,YK,
4874,TURKNET İLETİŞİM HİZMETLERİ A.Ş.,TRKNT,IGMS,
2264,TUĞÇELİK ALÜMİNYUM VE METAL MAMÜLLERİ SANAYİ VE TİCARET A.Ş.,TUCLK,IGS,https://www.kap.org.tr/tr/kfif/4028e4a146b4c4110147f3bb4e795ce5
3548,TV8 TV YAYINCILIK A.Ş.,TV8TV,IGS,
1694,TÜMOSAN MOTOR VE TRAKTÖR SANAYİ A.Ş.,TMSN,IGS,https://www.kap.org.tr/tr/kfif/4028e4a141e536460141e53904b50025
1105,TÜPRAŞ-TÜRKİYE PETROL RAFİNERİLERİ A.Ş.,TUPRS,IGS,https://www.kap.org.tr/tr/kfif/4028e4a140f2ed720140f37f139c01bc
2421,TÜRK EKONOMİ BANKASI A.Ş.,"TEB, TEBNK",YK,
1107,TÜRK HAVA YOLLARI A.O.,THYAO,IGS,https://www.kap.org.tr/tr/kfif/4028e4a140f2ed720140f376bebb01a7
1108,TÜRK PRYSMİAN KABLO VE SİSTEMLERİ A.Ş.,PRKAB,IGS,https://www.kap.org.tr/tr/kfif/4028e4a240f2ef470141167b777b0437
1473,TÜRK TELEKOMÜNİKASYON A.Ş.,TTKOM,IGS,https://www.kap.org.tr/tr/kfif/4028e4a241e538ab0141ea9c96912c8b
1393,TÜRK TRAKTÖR VE ZİRAAT MAKİNELERİ A.Ş.,TTRAK,IGS,https://www.kap.org.tr/tr/kfif/4028e4a140f2ed720140f3790d6a01ad
1088,TÜRK TUBORG BİRA VE MALT SANAYİİ A.Ş.,TBORG,IGS,https://www.kap.org.tr/tr/kfif/4028e4a140f2ed720140f37b033601b2
1996,TÜRKER PROJE GAYRİMENKUL VE YATIRIM GELİŞTİRME A.Ş.,TURGG,IGS,https://www.kap.org.tr/tr/kfif/4028e4a140f2ed720140f3440383018e
4922,TÜRKİYE EMLAK KATILIM BANKASI A.Ş.,EKT,YK,
2029,TÜRKİYE FİNANS KATILIM BANKASI A.Ş.,FKT,YK,
2422,TÜRKİYE GARANTİ BANKASI A.Ş.,"GARAN, TGB","IGS, YK",
2422,TÜRKİYE GARANTİ BANKASI A.Ş.,"GARAN, TGB","IGS, YK",https://www.kap.org.tr/tr/kfif/4028e4a140f2ed720140f37cb2a601b7
2423,TÜRKİYE HALK BANKASI A.Ş.,"HALKB, THL","IGS, YK",
2423,TÜRKİYE HALK BANKASI A.Ş.,"HALKB, THL","IGS, YK",https://www.kap.org.tr/tr/kfif/1DE05DAA82C3073AE0530A4A622A2EBD
1935,TÜRKİYE HAYAT VE EMEKLİLİK A.Ş.,,FK,
2426,TÜRKİYE KALKINMA VE YATIRIM BANKASI A.Ş.,"KLN, KLNMA","IGS, YK",
2426,TÜRKİYE KALKINMA VE YATIRIM BANKASI A.Ş.,"KLN, KLNMA","IGS, YK",https://www.kap.org.tr/tr/kfif/4028e4a14158e41e01415b2dc3476cf4
21,TÜRKİYE SERMAYE PİYASALARI BİRLİĞİ,,DDK,
2427,TÜRKİYE SINAİ KALKINMA BANKASI A.Ş.,"TSK, TSKB","IGS, YK",https://www.kap.org.tr/tr/kfif/4028e4a140f2ed710140f3831c6300fd
2427,TÜRKİYE SINAİ KALKINMA BANKASI A.Ş.,"TSK, TSKB","IGS, YK",
975,TÜRKİYE SİGORTA A.Ş.,TURSG,IGS,https://www.kap.org.tr/tr/kfif/4028e4a140e95be70140ee2f466d0159
2428,TÜRKİYE VAKIFLAR BANKASI T.A.O.,"TVB, VAKBN","IGS, YK",https://www.kap.org.tr/tr/kfif/4028e4a1415f4d9b01415fe3340f36e4
2428,TÜRKİYE VAKIFLAR BANKASI T.A.O.,"TVB, VAKBN","IGS, YK",
2424,TÜRKİYE İHRACAT KREDİ BANKASI A.Ş.,"EXIMB, THR","IGS, YK",
2425,TÜRKİYE İŞ BANKASI A.Ş.,"ISATR, ISBTR, ISCTR, ISKUR, TIB","IGS, YK",
2425,TÜRKİYE İŞ BANKASI A.Ş.,"ISATR, ISBTR, ISCTR, ISKUR, TIB","IGS, YK",https://www.kap.org.tr/tr/kfif/4028e4a140f2ed7201411682b0cb05c6
1087,TÜRKİYE ŞİŞE VE CAM FABRİKALARI A.Ş.,SISE,IGS,https://www.kap.org.tr/tr/kfif/4028e4a140f2ed710140f385d5690102
2473,TİMUR GAYRİMENKUL GELİŞTİRME YAPI VE YATIRIM A.Ş.,TIMUR,IGS,
2433,TİRYAKİ AGRO GIDA SANAYİ VE TİCARET A.Ş.,TRYKI,IGS,
6024,TİTANYUM BAĞIMSIZ DENETİM HİZMETLERİ A.Ş.,,BDK,
1444,UFUK YATIRIM YÖNETİM VE GAYRİMENKUL A.Ş.,UFUK,IGS,https://www.kap.org.tr/tr/kfif/4028e4a24158e42201415afe28e760a4
1677,ULAŞLAR TURİZM ENERJİ TARIM GIDA VE İNŞAAT YATIRIMLARI A.Ş.,ULAS,IGS,https://www.kap.org.tr/tr/kfif/4028e4a240f2ef4c0140f38adfa1008d
3364,ULUDAĞ İÇECEK TÜRK A.Ş.,ULDAG,IGMS,
149,ULUSAL BAĞIMSIZ DENETİM VE YEMİNLİ MALİ MÜŞAVİRLİK A.Ş.,,BDK,
2149,ULUSAL FAKTORİNG A.Ş.,ULUFA,IGS,https://www.kap.org.tr/tr/kfif/4028e4a1416e696301416f321c3d5ca7
233,ULUSLARARASI BAĞIMSIZ DENETİM A.Ş.,,BDK,
2374,ULUSOY ELEKTRİK İMALAT TAAHHÜT VE TİCARET A.Ş.,ULUSE,IGS,https://www.kap.org.tr/tr/kfif/4028e4a24a069620014a341cfac83419
2375,ULUSOY UN SANAYİ VE TİCARET A.Ş.,ULUUN,IGS,https://www.kap.org.tr/tr/kfif/4028e4a14371e09d0143c4d925022442
2065,UMPAŞ HOLDİNG A.Ş.,UMPAS,IGS,https://www.kap.org.tr/tr/kfif/4028e4a240f2ef4c0140f38be24f0091
1111,UŞAK SERAMİK SANAYİ A.Ş.,USAK,IGS,https://www.kap.org.tr/tr/kfif/1DE05DAA843E073AE0530A4A622A2EBD
2556,VAKIF FAKTORİNG A.Ş.,VAKFA,IGMS,
1115,VAKIF FİNANSAL KİRALAMA A.Ş.,VAKFN,IGS,https://www.kap.org.tr/tr/kfif/4028e4a241462fd801414fa81cce2e75
1116,VAKIF GAYRİMENKUL YATIRIM ORTAKLIĞI A.Ş.,VKGYO,IGS,https://www.kap.org.tr/tr/kfif/4028e4a140f2ed72014101a0d3b501f7
4183,VAKIF KATILIM BANKASI A.Ş.,VKF,YK,
1117,VAKIF MENKUL KIYMET YATIRIM ORTAKLIĞI A.Ş.,VKFYO,IGS,https://www.kap.org.tr/tr/kfif/4028e4a241462fd801414fa6227c2e62
4329,VAKIF VARLIK KİRALAMA A.Ş.,VAKVK,IGS,
1368,VAKIF YATIRIM MENKUL DEĞERLER A.Ş.,VKY,YK,
1119,VAKKO TEKSTİL VE HAZIR GİYİM SANAYİ İŞLETMELERİ A.Ş.,VAKKO,IGS,https://www.kap.org.tr/tr/kfif/4028e4a2422d9a6e014251b075f0227f
1558,VANET GIDA SANAYİ İÇ VE DIŞ TİCARET A.Ş.,VANGD,IGS,https://www.kap.org.tr/tr/kfif/4028e4a1416e696301416ecfa3fb2ca4
5811,VARLIK GLOBAL BAĞIMSIZ DENETİM VE SERBEST MUHASEBECİ MALİ MÜŞAVİRLİK A.Ş.,,BDK,
5369,VBT YAZILIM A.Ş.,VBTYZ,IGS,https://www.kap.org.tr/tr/kfif/8acae2c4794d3648017a420bdd4c4fa3
5080,VDF FİLO KİRALAMA A.Ş.,VDFLO,IGS,
5894,VEGA PORTFÖY YÖNETİMİ A.Ş.,VPY,"FK, PYS",
2475,VENBEY YATIRIM MENKUL DEĞERLER A.Ş.,VNB,YK,
5805,VENTERA BAĞIMSIZ DENETİM A.Ş.,,BDK,
5885,VERA KONSEPT GAYRİMENKUL YATIRIM ORTAKLIĞI A.Ş.,VRGYO,IGS,https://www.kap.org.tr/tr/kfif/8acae2c486d22a3a018b27e15c37493e
2059,VERUSA HOLDİNG A.Ş.,VERUS,IGS,https://www.kap.org.tr/tr/kfif/4028e4a2422d9a78014275ba7f133b05
2048,VERUSATURK GİRİŞİM SERMAYESİ YATIRIM ORTAKLIĞI A.Ş.,VERTU,IGS,https://www.kap.org.tr/tr/kfif/4028e4a2420327a4014209c59cc91457
1419,VESTEL BEYAZ EŞYA SANAYİ VE TİCARET A.Ş.,VESBE,IGS,https://www.kap.org.tr/tr/kfif/4028e4a140f2ed7201412c223c9707e6
1122,VESTEL ELEKTRONİK SANAYİ VE TİCARET A.Ş.,VESTL,IGS,https://www.kap.org.tr/tr/kfif/4028e4a140f2ed7201412c2000c507db
239,VEZİN BAĞIMSIZ DENETİM A.Ş.,,BDK,
1901,VIENNALIFE EMEKLİLİK VE HAYAT A.Ş.,,FK,
2153,VOLKSWAGEN DOĞUŞ FİNANSMAN A.Ş.,VDFAS,IGS,
1123,VİKİNG KAĞIT VE SELÜLOZ A.Ş.,VKING,IGS,https://www.kap.org.tr/tr/kfif/4028e4a140f2ed72014101a2d00a01fe
4660,VİZYON GRUP BAĞIMSIZ DENETİM.A.Ş.,,BDK,
5808,WAM GAYRİMENKUL VE GİRİŞİM SERMAYESİ PORTFÖY YÖNETİMİ A.Ş.,VPG,"FK, PYS",
2303,YAPI KREDİ FAKTORİNG A.Ş.,YKFKT,IGS,
1124,YAPI KREDİ FİNANSAL KİRALAMA A.O.,YKFIN,IGS,
2318,YAPI KREDİ PORTFÖY YÖNETİMİ A.Ş.,KCP,"FK, PYS",
2532,YAPI KREDİ YATIRIM MENKUL DEĞERLER A.Ş.,"YKR, YKYAT","IGS, YK",
2429,YAPI VE KREDİ BANKASI A.Ş.,"YKB, YKBNK","FK, IGS, YK",
2429,YAPI VE KREDİ BANKASI A.Ş.,"YKB, YKBNK","FK, IGS, YK",https://www.kap.org.tr/tr/kfif/4028e4a240f2ef4c01412ae6d6630538
2920,YAPRAK SÜT VE BESİ ÇİFTLİKLERİ SANAYİ VE TİCARET A.Ş.,YAPRK,IGS,https://www.kap.org.tr/tr/kfif/4028e4a1416e696501416eec8e443d62
1129,YATAŞ YATAK VE YORGAN SANAYİ TİCARET A.Ş.,YATAS,IGS,https://www.kap.org.tr/tr/kfif/4028e4a140f2ed72014106c48768022e
1370,YATIRIM FİNANSMAN MENKUL DEĞERLER A.Ş.,"YAT, YFMEN",YK,
4977,YATIRIM VARLIK KİRALAMA A.Ş.,YATVK,IGS,
2759,YAYLA AGRO GIDA SANAYİ VE TİCARET A.Ş.,YYLGD,IGS,https://www.kap.org.tr/tr/kfif/4028e4a2420a2daf014213d4625d3edc
2061,YAYLA ENERJİ ÜRETİM TURİZM VE İNŞAAT TİCARET A.Ş.,YAYLA,IGS,https://www.kap.org.tr/tr/kfif/4028e4a1486ec80b0148c539d6721829
2779,YAŞAR FAKTORİNG A.Ş.,YSRFA,IGMS,
216,YEDİTEPE BAĞIMSIZ DENETİM VE YEMİNLİ MALİ MÜŞAVİRLİK A.Ş.,,BDK,
2012,YENİ GİMAT GAYRİMENKUL YATIRIM ORTAKLIĞI A.Ş.,YGGYO,IGS,https://www.kap.org.tr/tr/kfif/4028e4a241733d4201417cda3f421321
2900,YEO TEKNOLOJİ ENERJİ VE ENDÜSTRİ A.Ş.,YEOTK,IGS,https://www.kap.org.tr/tr/kfif/4028e4a140f2ed7101413af3da8c0440
5892,YES OTO KİRALAMA VE TURİZM YATIRIMLARI A.Ş.,YESOT,DG,
982,YEŞİL GAYRİMENKUL YATIRIM ORTAKLIĞI A.Ş.,YGYO,IGS,https://www.kap.org.tr/tr/kfif/4028e4a141558bdd0141560fb3fb051a
885,YEŞİL YAPI ENDÜSTRİSİ A.Ş.,YYAPI,IGS,https://www.kap.org.tr/tr/kfif/4028e4a1416e696301416f35f8425ec3
1386,YEŞİL YATIRIM HOLDİNG A.Ş.,YESIL,IGS,https://www.kap.org.tr/tr/kfif/4028e4a2416e696c01416edc458b30f0
154,YKY BAĞIMSIZ DENETİM VE YEMİNLİ MALİ MÜŞAVİRLİK A.Ş.,,BDK,
1585,YONGA MOBİLYA SANAYİ VE TİCARET A.Ş.,YONGA,IGS,https://www.kap.org.tr/tr/kfif/4028e4a24158e42201415b0fde196300
155,YORUM BAĞIMSIZ DENETİM A.Ş.,,BDK,
4873,YÜKSELEN ÇELİK A.Ş.,YKSLN,IGS,https://www.kap.org.tr/tr/kfif/8acae2c569cee403016a6e925a8b5bd8
1132,YÜNSA YÜNLÜ SANAYİ VE TİCARET A.Ş.,YUNSA,IGS,https://www.kap.org.tr/tr/kfif/4028e4a240f2ef4c014101b726fa011d
1595,YİBİTAŞ YOZGAT İŞÇİ BİRLİĞİ İNŞAAT MALZEMELERİ TİCARET VE SANAYİ A.Ş.,YBTAS,IGS,https://www.kap.org.tr/tr/kfif/4028e4a2416f888d01416f94bfb001ec
5965,YİĞİT AKÜ MALZEMELERİ NAKLİYAT TURİZM İNŞAAT SANAYİ VE TİCARET A.Ş.,YIGIT,IGS,https://www.kap.org.tr/tr/kfif/8acae2c48c3efac0018fabe5e40b5043
1539,ZEDUR ENERJİ ELEKTRİK ÜRETİM A.Ş.,ZEDUR,IGS,https://www.kap.org.tr/tr/kfif/4028e4a240f2ef470141164fd5f803a1
4771,ZKB VARLIK KİRALAMA A.Ş.,ZKBVR,IGS,
1133,ZORLU ENERJİ ELEKTRİK ÜRETİM A.Ş.,ZOREN,IGS,https://www.kap.org.tr/tr/kfif/4028e4a140f2ed7201412c19687407a7
2169,ZORLU FAKTORİNG A.Ş.,ZORLF,IGS,
4510,ZORLU OSMANGAZİ ENERJİ SANAYİ VE TİCARET A.Ş.,ZOROE,IGMS,
4152,ZİP FİNANSMAN A.Ş.,ZIPFN,DG,
4337,ZİRAAT GAYRİMENKUL YATIRIM ORTAKLIĞI A.Ş.,ZRGYO,IGS,https://www.kap.org.tr/tr/kfif/8acae2c45835eb660158bfedd32d3332
3829,ZİRAAT KATILIM BANKASI A.Ş.,ZTB,YK,
2606,ZİRAAT KATILIM VARLIK KİRALAMA A.Ş.,ZKBVK,IGS,
2335,ZİRAAT PORTFÖY YÖNETİMİ A.Ş.,ZPY,"FK, PYS",
1371,ZİRAAT YATIRIM MENKUL DEĞERLER A.Ş.,ZRY,YK,
4963,ÇALIK DENİM TEKSTİL SANAYİ VE TİCARET A.Ş.,CLDNM,IGS,
2410,ÇALIK ENERJİ SANAYİ VE TİCARET A.Ş.,CLKEN,IGMS,
2824,ÇAMLI YEM BESİCİLİK SANAYİ VE TİCARET A.Ş.,CMYEM,IGMS,
5284,ÇAN2 TERMİK A.Ş.,CANTE,IGS,https://www.kap.org.tr/tr/kfif/8acae2c578080f31017811f4dca6032d
5905,ÇATES ELEKTRİK ÜRETİM A.Ş.,CATES,IGS,https://www.kap.org.tr/tr/kfif/8acae2c58b2fa64e018bfaefef6b6fcd
2150,ÇAĞDAŞ FAKTORİNG A.Ş.,CAGFA,IGS,
903,ÇELEBİ HAVA SERVİSİ A.Ş.,CLEBI,IGS,https://www.kap.org.tr/tr/kfif/4028e4a140ee84900140f1f1584c0015
904,ÇELİK HALAT VE TEL SANAYİİ A.Ş.,CELHA,IGS,https://www.kap.org.tr/tr/kfif/4028e4a240f2ef4c0141164dd92d044c
2106,ÇELİK MOTOR TİCARET A.Ş.,CLKMT,IGS,
1510,ÇEMAŞ DÖKÜM SANAYİ A.Ş.,CEMAS,IGS,https://www.kap.org.tr/tr/kfif/4028e4a140f2ed7201413b14392508fb
905,ÇEMTAŞ ÇELİK MAKİNA SANAYİ VE TİCARET A.Ş.,CEMTS,IGS,https://www.kap.org.tr/tr/kfif/4028e4a140ee84900140f1f334ce0025
2592,ÇUHADAROĞLU METAL SANAYİ VE PAZARLAMA A.Ş.,CUSAN,IGS,https://www.kap.org.tr/tr/kfif/8acae2c552495f6401529d6a45d10598
5542,ÇÖZÜM ÜNLÜER BAĞIMSIZ DENETİM VE YEMİNLİ MALİ MÜŞAVİRLİK A.Ş.,,BDK,
906,ÇİMBETON HAZIRBETON VE PREFABRİK YAPI ELEMANLARI SANAYİ VE TİCARET A.Ş.,CMBTN,IGS,https://www.kap.org.tr/tr/kfif/4028e4a24158e42401415ad0dece7d3a
907,ÇİMENTAŞ İZMİR ÇİMENTO FABRİKASI T.A.Ş.,CMENT,IGS,https://www.kap.org.tr/tr/kfif/4028e4a24158e42401415ad34c7f7db7
908,ÇİMSA ÇİMENTO SANAYİ VE TİCARET A.Ş.,CIMSA,IGS,https://www.kap.org.tr/tr/kfif/4028e4a240ee866c0140f1f64bdb0014
1575,ÖZAK GAYRİMENKUL YATIRIM ORTAKLIĞI A.Ş.,OZKGY,IGS,https://www.kap.org.tr/tr/kfif/4028e4a140f2ed720141079632d0024f
6018,ÖZATA DENİZCİLİK SANAYİ VE TİCARET A.Ş.,OZATD,IGS,https://www.kap.org.tr/tr/kfif/8acae2c49145e00d019180a20f28221c
1048,ÖZDERİCİ GAYRİMENKUL YATIRIM ORTAKLIĞI A.Ş.,OZGYO,IGS,https://www.kap.org.tr/tr/kfif/4028e4a140ee35c70140ee582a75003c
2432,ÖZERDEN AMBALAJ SANAYİ A.Ş.,OZRDN,IGS,https://www.kap.org.tr/tr/kfif/1DE05DAA82D2073AE0530A4A622A2EBD
4748,ÖZSU BALIK ÜRETİM A.Ş.,OZSUB,IGS,https://www.kap.org.tr/tr/kfif/8acae2c465a51c380166776d73784fba
5961,ÖZYAŞAR TEL VE GALVANİZLEME SANAYİ A.Ş.,OZYSR,IGS,https://www.kap.org.tr/tr/kfif/8acae2c58b2fa64e018f853cd37d57cf
859,ÜLKER BİSKÜVİ SANAYİ A.Ş.,ULKER,IGS,https://www.kap.org.tr/tr/kfif/4028e4a14184e9c901419801438a422b
1289,ÜNLÜ MENKUL DEĞERLER A.Ş.,"UNLUS, UNS",YK,
2341,ÜNLÜ PORTFÖY YÖNETİMİ A.Ş.,UNP,"FK, PYS",
2474,ÜNLÜ YATIRIM HOLDİNG A.Ş.,UNLU,IGS,https://www.kap.org.tr/tr/kfif/4028e4a24bcf2bca014be9def2a47203
5634,İBD İSTANBUL BAĞIMSIZ DENETİM VE SMMM A.Ş.,,BDK,
4818,İDA BAĞIMSIZ DENETİM A.Ş.,,BDK,
1506,İDEALİST GAYRİMENKUL YATIRIM ORTAKLIĞI A.Ş.,IDGYO,IGS,https://www.kap.org.tr/tr/kfif/4028e4a14184e9c901419d6d716e6b19
981,İHLAS EV ALETLERİ İMALAT SANAYİ VE TİCARET A.Ş.,IHEVA,IGS,https://www.kap.org.tr/tr/kfif/4028e4a240ee37a30140ee7a98160079
1044,İHLAS GAYRİMENKUL PROJE GELİŞTİRME VE TİCARET A.Ş.,IHLGM,IGS,https://www.kap.org.tr/tr/kfif/4028e4a141a25dcb0141a2a7a0060471
1507,İHLAS GAZETECİLİK A.Ş.,IHGZT,IGS,https://www.kap.org.tr/tr/kfif/4028e4a140ee84900140f1f8d5bc003c
5420,İHLAS HABER AJANSI A.Ş.,IHAAS,IGS,https://www.kap.org.tr/tr/kfif/8acae2c57afb2d70017bdf2f5af067ed
983,İHLAS HOLDİNG A.Ş.,IHLAS,IGS,https://www.kap.org.tr/tr/kfif/4028e4a140ee84900140f1fbc6b1004f
1526,İHLAS YAYIN HOLDİNG A.Ş.,IHYAY,IGS,https://www.kap.org.tr/tr/kfif/4028e4a140ee847b0140f205c4270035
5592,İMAŞ MAKİNA SANAYİ A.Ş.,IMASM,IGS,https://www.kap.org.tr/tr/kfif/8acae2c47f7cb49201802cedfbb46d26
4840,İNALLAR OTOMOTİV SANAYİ VE TİCARET A.Ş.,INALR,IGS,
1390,İNDEKS BİLGİSAYAR SİSTEMLERİ MÜHENDİSLİK SANAYİ VE TİCARET A.Ş.,INDES,IGS,https://www.kap.org.tr/tr/kfif/4028e4a2416e697d01416ead8a0615a7
1559,İNFO YATIRIM MENKUL DEĞERLER A.Ş.,"INFO, IYF","IGS, YK",
1559,İNFO YATIRIM MENKUL DEĞERLER A.Ş.,"INFO, IYF","IGS, YK",https://www.kap.org.tr/tr/kfif/4028e4a2416e696c01416edd30ca3148
1587,İNNOSA TEKNOLOJİ A.Ş.,INTEK,IGS,https://www.kap.org.tr/tr/kfif/402821824bf524dc014bff15df9f2027
5658,İNTEGRAL GİRİŞİM SERMAYESİ PORTFÖY YÖNETİMİ A.Ş.,IGR,"FK, PYS",
1538,İNTEGRAL YATIRIM MENKUL DEĞERLER A.Ş.,INM,YK,
985,İNTEMA İNŞAAT VE TESİSAT MALZEMELERİ YATIRIM VE PAZARLAMA A.Ş.,INTEM,IGS,https://www.kap.org.tr/tr/kfif/4028e4a241e538b40141e572868704e7
986,İPEK DOĞAL ENERJİ KAYNAKLARI ARAŞTIRMA VE ÜRETİM A.Ş.,IPEKE,IGS,https://www.kap.org.tr/tr/kfif/4028e4a2422d9a6e0142bd9255a37a70
124,İRFAN BAĞIMSIZ DENETİM VE YEMİNLİ MALİ MÜŞAVİRLİK A.Ş.,,BDK,
2528,İSKENDERUN DEMİR VE ÇELİK A.Ş.,ISDMR,IGS,https://www.kap.org.tr/tr/kfif/4028e4a2416e696c01416ee8eb7b3770
5919,İSRA GAYRİMENKUL VE GİRİŞİM SERMAYESİ PORTFÖY YÖNETİMİ A.Ş.,IGP,"FK, PYS",
3221,İSTANBUL FAKTORİNG A.Ş.,ISTFK,IGS,
2340,İSTANBUL PORTFÖY YÖNETİMİ A.Ş.,ISY,"FK, PYS",
19,İSTANBUL TAKAS VE SAKLAMA BANKASI A.Ş.,,DDK,
2462,İSTANBUL ULUSLARARASI DERECELENDİRME HİZMETLERİ A.Ş.,TRATE,DCS,
3076,İSTANBUL VARLIK YÖNETİM A.Ş.,ISTVY,IGMS,
125,İTİMAT BAĞIMSIZ DENETİM A.Ş.,,BDK,
2060,İZ YATIRIM HOLDİNG A.Ş.,IZINV,IGS,https://www.kap.org.tr/tr/kfif/1DE05DAA82FC073AE0530A4A622A2EBD
4131,İZDEMİR ENERJİ ELEKTRİK ÜRETİM A.Ş.,IZENR,IGS,https://www.kap.org.tr/tr/kfif/8acae2c5534651ff0153612ea22a02ec
991,İZMİR DEMİR ÇELİK SANAYİ A.Ş.,IZMDC,IGS,https://www.kap.org.tr/tr/kfif/4028e4a140f275550140f27e319401ca
2273,İZMİR FIRÇA SANAYİ VE TİCARET A.Ş.,IZFAS,IGS,https://www.kap.org.tr/tr/kfif/4028e4a146b4c41301485f8c72095698
2274,İŞ FAKTORİNG A.Ş.,ISFAK,IGS,
988,İŞ FİNANSAL KİRALAMA A.Ş.,ISFIN,IGS,https://www.kap.org.tr/tr/kfif/4028e4a140f2ed7101410d272d690188
987,İŞ GAYRİMENKUL YATIRIM ORTAKLIĞI A.Ş.,ISGYO,IGS,https://www.kap.org.tr/tr/kfif/4028e4a140f2ed7201412acbeb8b06f7
1398,İŞ GİRİŞİM SERMAYESİ YATIRIM ORTAKLIĞI A.Ş.,ISGSY,IGS,https://www.kap.org.tr/tr/kfif/4028e4a240ee866c0140f273ea66014d
2339,İŞ PORTFÖY YÖNETİMİ A.Ş.,ISP,"FK, PYS",
1533,İŞ YATIRIM MENKUL DEĞERLER A.Ş.,"ISMEN, IYM","IGS, YK",
1533,İŞ YATIRIM MENKUL DEĞERLER A.Ş.,"ISMEN, IYM","IGS, YK",https://www.kap.org.tr/tr/kfif/4028e4a140f275530140f277aa100008
989,İŞ YATIRIM ORTAKLIĞI A.Ş.,ISYAT,IGS,https://www.kap.org.tr/tr/kfif/4028e4a240ee866c0140f2710c33013d
1684,İŞBİR HOLDİNG A.Ş.,ISBIR,IGS,https://www.kap.org.tr/tr/kfif/4028e4a240f2ef4c0141017954a000b4
4135,İŞBİR SENTETİK DOKUMA SANAYİ A.Ş.,ISSEN,IGS,https://www.kap.org.tr/tr/kfif/8acae2c452495e0b0152ef57ae190f85
2583,ŞEKER FAKTORİNG A.Ş.,SEKFA,IGS,
1392,ŞEKER FİNANSAL KİRALAMA A.Ş.,SEKFK,IGS,https://www.kap.org.tr/tr/kfif/4028e4a141e536460141e92af0291568
5071,ŞEKER GAYRİMENKUL YATIRIM ORTAKLIĞI A.Ş.,SEGYO,IGS,https://www.kap.org.tr/tr/kfif/8acae2c56faf888c01718864329b7097
1351,ŞEKER YATIRIM MENKUL DEĞERLER A.Ş.,"SKY, SKYMD","IGS, YK",https://www.kap.org.tr/tr/kfif/4028e4a241a25fcb0141a7c4a064241c
1351,ŞEKER YATIRIM MENKUL DEĞERLER A.Ş.,"SKY, SKYMD","IGS, YK",
2418,ŞEKERBANK T.A.Ş.,"SEK, SKBNK","IGS, YK",
2418,ŞEKERBANK T.A.Ş.,"SEK, SKBNK","IGS, YK",https://www.kap.org.tr/tr/kfif/4028e4a240f2ef4c01412adc8fba04ee
3913,ŞOK MARKETLER TİCARET A.Ş.,SOKM,IGS,https://www.kap.org.tr/tr/kfif/4028e4a14184e9c9014198095f4442bf
